0,1,2,3,4,5,6,7,8,9,10,11,12,13,14,15,16,17,18,19,20,21,22,23,24,25,26,27,28,29,30,31,32,33,34,35,36,37,38,39,40,41,42,43,44,45,46,47,48,49,50,51,52,53,54,55,56,57,58,59,60,61,62,63,64,65,66,67,68,69,70,71,72,label
0.0,0.0,0.0,-0.09769366692035948,-0.03042107857849921,-0.03865797636146573,-0.16905577230775637,-0.16217758282030928,-0.061864396105620376,-0.1479879403672219,-0.31484998688879834,-0.08873584866871054,-0.10627302170691656,-0.40801481181340954,-0.11368573224497394,-0.18721133048565497,-0.41798211192107626,-0.03526408735131505,-0.2550380164326862,-0.601086531571924,-0.07337870576070872,-0.3000327185395328,-0.7178177008488764,-0.09592062016344206,-0.3358516697216525,-0.8191178118491228,-0.10976024555024276,-0.1202776574923083,-0.4633904436076212,-0.048066579227925656,-0.1548943288766682,-0.6970491211464734,-0.09121331064236594,-0.1811783210313985,-0.846718658799876,-0.1161337104281045,-0.19977926563152726,-0.9715996748624212,-0.12681607481295568,-0.04935276871702968,-0.4535923376319496,-0.06595347665928611,-0.06074477829130963,-0.5559786380636882,-0.1293737112840299,-0.05698640209756722,-0.3987120335185555,-0.13210906583212534,-0.047990255224171656,-0.27676509934079985,-0.11365376951005021,0.019492771613635836,-0.40868750343633414,-0.0869620033552481,-0.0006832333133915716,-0.4743207271394471,-0.13106654205911442,-0.007028935661125017,-0.36404502556221574,-0.12051094973782445,-0.005173598138935368,-0.27159598142031294,-0.10050666730136511,2.516212682288284,2.854845249483006,3.113958386690987,3.0783965323032545,3.105704482550412,3.056328603037493,0.5755452605742163,2.9657926897241667,0.5806733039656982,2.9978510800043328,peace
0.0,0.0,0.0,-0.09665714578163742,-0.04138840913859563,-0.035386857512308446,-0.1653689634522098,-0.18066828935923626,-0.05543677516224954,-0.14368323244584083,-0.3350364963673426,-0.08043370743453115,-0.099953241354714,-0.4150870079230444,-0.10336275629180165,-0.1842391138662437,-0.41935403829582923,-0.0240816067106849,-0.25039587425516785,-0.6005244768877199,-0.058412319706464405,-0.29311361694504184,-0.7153822842154582,-0.07903924305558109,-0.32746529015871856,-0.8153889595658609,-0.09227416771728497,-0.11975223100599897,-0.4656510767359296,-0.038626672263249257,-0.1554486163355669,-0.6972406607182524,-0.08006094015119351,-0.18217486738401842,-0.8490255295250411,-0.10488081122206022,-0.1998198153749574,-0.973005171550924,-0.1154685131049791,-0.04920006832781856,-0.4528739657522257,-0.05846639719082063,-0.06120577487132473,-0.5600933182328635,-0.12101782090204634,-0.05691476436388942,-0.39616498743514694,-0.1225922991993987,-0.04721910068277629,-0.2729287295834299,-0.10273735861573792,0.019490766724934636,-0.40358553584129275,-0.08130830627890255,-0.0014145672907426834,-0.47769575099824285,-0.1251674756836919,-0.008111410872354327,-0.36464349141750557,-0.11400268664733572,-0.006597925526178283,-0.2734448237856909,-0.09335759085242919,2.549017919547487,2.7772797941340266,3.118892930022035,3.085670144746942,3.1109930101757053,3.0565788283114577,0.541546883696352,2.963571548034701,0.5255046550510598,2.9934906754885664,peace
0.0,0.0,0.0,-0.09887696128181925,-0.04388598899924989,-0.03711277526079191,-0.17014255076956109,-0.1790057597183098,-0.05787783791350377,-0.15054495531792567,-0.33145722518985976,-0.08310053069718454,-0.1006359446487825,-0.413080803525513,-0.1062340393383624,-0.1932192207280765,-0.4140115802134729,-0.025595423132418485,-0.25941089072391704,-0.5976863847482272,-0.06188742052503074,-0.3015736244698633,-0.7138601036972236,-0.08435959238890688,-0.33750331851986537,-0.8136157656341778,-0.09837153892734972,-0.1292484946536768,-0.46177387178770807,-0.03835798159662894,-0.1681246374571087,-0.6947446400229068,-0.07980557627787944,-0.19454801651248835,-0.8462837861345868,-0.10468780139727057,-0.21355576849359512,-0.9701215809777513,-0.11514361408405825,-0.05891209979720142,-0.45357156702263396,-0.0567386170163077,-0.0689547320108919,-0.55639734181122,-0.11929413157935705,-0.06150759564080848,-0.398309140179086,-0.12188502957069887,-0.050592590998756744,-0.2758663897443701,-0.10216836787312665,0.009504864775986761,-0.40747742239354845,-0.07820943763191611,-0.009971175986371187,-0.481688933282489,-0.12164125276197638,-0.01182996076307744,-0.37182406091266307,-0.1104099109401489,-0.00627615074083986,-0.2796457913468836,-0.0893967455424435,2.534499254528554,2.721850170273232,3.121282288489691,3.0860663909286474,3.119422343924087,3.058824194473194,0.563245643933149,2.9599466946660233,0.48818289638604784,2.994749461441733,peace
0.0,0.0,0.0,-0.09696540652592049,-0.043705398243257136,-0.03351901661318329,-0.17287448483882828,-0.1852414090850332,-0.05182379762169888,-0.15145274512494158,-0.33805376375262947,-0.07597301976346714,-0.09328065428087094,-0.411414297369625,-0.09893995112042095,-0.19521244885573413,-0.41716541943699736,-0.019819551332127837,-0.26131169448684766,-0.5942332609416672,-0.05349750869073796,-0.3035315154948134,-0.7074711161466677,-0.07408461382319327,-0.33834856497067894,-0.804568999134312,-0.087199988987424,-0.13291577076466232,-0.46538067146110274,-0.034889348777639106,-0.17256272137406675,-0.698642069497626,-0.07422442086828299,-0.20134226294272412,-0.8472995941527655,-0.09753377758073603,-0.22104437271475028,-0.9694159363538134,-0.10664017833069082,-0.0627756971978311,-0.4556045002921633,-0.05551837465645009,-0.0751377563035062,-0.5604820717126835,-0.1159580894215505,-0.06769961388485143,-0.39896400828299033,-0.11829384996442595,-0.05620512767689737,-0.2784326499723833,-0.09864960413576192,0.006072089852055211,-0.4062246388174494,-0.07910368016739962,-0.014167552203372544,-0.480111002082518,-0.11957463108146928,-0.01638631926553456,-0.37210409337905404,-0.1076219998494345,-0.009945925126344358,-0.2858584323042867,-0.08687044146167175,2.514311356799783,2.613720724339263,3.1198785109536513,3.089595765358952,3.1112812294116243,3.0535185275936065,0.5389968593541419,2.958293414005552,0.4655603298914002,2.982040821711687,peace
0.0,0.0,0.0,-0.09148139797972403,-0.04347749824218968,-0.03743697384835571,-0.16274023623891598,-0.18059701594908673,-0.05911596688776649,-0.15106750163180002,-0.33231567290056474,-0.08558473251455895,-0.10376548102845953,-0.4197540766566167,-0.11019868817096712,-0.18499347927391296,-0.41178950584401924,-0.026916895489851596,-0.251035619506881,-0.5858719065287835,-0.06438302261173484,-0.2946796675967332,-0.6973995956452625,-0.08645189672938666,-0.3307039603059989,-0.7925309781361889,-0.10028255687071445,-0.12365960072166683,-0.45956201978200334,-0.04171970799063546,-0.16042318304249906,-0.6959744029040741,-0.08739988122150982,-0.19119310098142542,-0.8456627759412015,-0.11372116419567971,-0.21240896878621784,-0.9692531473097232,-0.12422063600453673,-0.05412231008847278,-0.44739709110070025,-0.06176280808689395,-0.06736495341152463,-0.5702657464626847,-0.12771169255359116,-0.05945683114841471,-0.40427532522697907,-0.12718766296196013,-0.04753793293751946,-0.2844305281303484,-0.10486225331881083,0.015251492764601771,-0.3955011703826986,-0.08484336269406383,-0.004640230527919745,-0.47229103455806737,-0.1300473927428444,-0.007216893798630675,-0.35955342936200674,-0.11693621862408247,-0.0014576772838180206,-0.2746570742000932,-0.09435538428700357,2.591155515372411,2.7249731776263006,3.1132547714054732,3.085617230908844,3.088066491816484,3.046001936808608,0.49080760834657805,2.9530244148383886,0.47992275472641893,2.9697574130148254,peace
0.0,0.0,0.0,-0.09149677771331866,-0.04330452856564734,-0.03272795523283621,-0.16030339094913099,-0.18921370620455014,-0.05321592484211543,-0.1490916885297815,-0.34021470974911816,-0.07956335114268746,-0.11078965559075266,-0.41538812316428003,-0.10468325988031886,-0.19405012685603423,-0.41321861490179523,-0.02602626483192826,-0.264149087942007,-0.5899150012548026,-0.06151303025783068,-0.30940451866613183,-0.7008693638225418,-0.08191743655525467,-0.3465053124316391,-0.7941667006979025,-0.09463421053673654,-0.13018130293445276,-0.4588306827430333,-0.04362943842222269,-0.16848374627292592,-0.6990998582184533,-0.08789550296094986,-0.199451393942716,-0.8467758738650566,-0.11455169926844715,-0.2203620664296553,-0.9672841986967263,-0.1257053643663792,-0.05928972372168536,-0.44660296809936484,-0.06562901605978391,-0.07897904746233148,-0.5653597081026813,-0.1283183861783464,-0.06926284061808025,-0.40831625673959054,-0.12664791509016507,-0.05402443565088796,-0.2972371327407783,-0.1046654844543868,0.00953439989041793,-0.3962297195047678,-0.09021128442538064,-0.02288879780855668,-0.4835504092725116,-0.12960515943605477,-0.02258359742179815,-0.37181163656686395,-0.11215760846004726,-0.011195696841021053,-0.2848760382777062,-0.0877933733492334,2.6302880464643077,2.737127498350248,3.113485428619081,3.089130022073337,3.090659454833705,3.0478069573699864,0.4801719146182701,2.942728864038326,0.4187063269444515,2.968336095241021,peace
0.0,0.0,0.0,-0.08906135420033745,-0.0524518466663445,-0.03425129903209951,-0.15584369902196285,-0.19531727985099204,-0.055740909138590596,-0.1462972969356827,-0.3452039673447396,-0.08203718606033195,-0.10594142719714848,-0.42629141172632745,-0.10671274547865717,-0.18847395449925955,-0.4115231694746837,-0.03141151834846673,-0.2610160900625017,-0.591600181813496,-0.06765352694487033,-0.3063996325628448,-0.6995050730979133,-0.08863952835996676,-0.3429715279693443,-0.7899725795849661,-0.10180611506625872,-0.12536816044258423,-0.4570389789768764,-0.04571578083040724,-0.1601886630932172,-0.6976683244069601,-0.0902004836972468,-0.18614644387909296,-0.8485352172528202,-0.11804803100692628,-0.20240251641387244,-0.9705776190051396,-0.13043123412605648,-0.055596831201405614,-0.4480253922317304,-0.06394467277521876,-0.0648966032118339,-0.5593997593946762,-0.12165374675501486,-0.05754891449732947,-0.4140676090810948,-0.12056827775734585,-0.04420160568213563,-0.3034518688143822,-0.1008235589561779,0.011797161759937983,-0.4046583316515066,-0.08524975271838693,-0.009735573044854232,-0.4726899265084403,-0.12177028709931248,-0.009149739870869547,-0.3758300932242304,-0.10697383575204862,0.0018359159501230545,-0.29685295289628794,-0.08510184580282172,2.64497062355814,2.741460730056363,3.1144677124296,3.0869351379860146,3.1104184443693748,3.0503417627660285,0.47082583443886217,2.958179631040652,0.430586563406557,2.9641146936260254,peace
0.0,0.0,0.0,-0.09255013900035614,-0.062055329740083154,-0.02922463726656998,-0.16011066284960376,-0.21748946177563855,-0.04867328633104222,-0.1437190571605485,-0.3693055996426991,-0.07435757063990396,-0.08884490201221963,-0.42437174639083153,-0.09874563811945877,-0.18865499242667097,-0.41849003063900303,-0.02375798631407851,-0.25839012965037483,-0.5901460179431596,-0.06042473181203768,-0.3051263090204846,-0.6995132148698038,-0.08190472473467497,-0.3445549695509873,-0.7919702278998516,-0.09666335254395515,-0.12661587722379095,-0.46217271132165466,-0.042302148046698886,-0.15939464036603157,-0.7092331842114263,-0.08853336744751039,-0.1805972283855895,-0.8553026318090314,-0.1159194338006508,-0.19307553444098127,-0.9728566633627236,-0.12756077199154034,-0.056196142150563455,-0.4491481332031448,-0.06463616189937589,-0.06767746940518175,-0.5584712782455291,-0.12320314202284949,-0.06469112473021092,-0.3996626570824853,-0.11853389340139457,-0.05622240109134376,-0.29202022774152,-0.09620405425395431,0.01378221313118746,-0.40251383278360336,-0.08988616924500492,-0.011516626158618055,-0.47167299520789663,-0.12271119942122287,-0.016603399113053762,-0.3602817074689741,-0.10278642993281242,-0.010882106835500572,-0.28393405238746316,-0.07855333773541404,2.626232253178442,2.470651156214104,3.108458704644798,3.0965884536821027,3.120392262099653,3.0448069658843995,0.46798888557264723,2.9555101199225295,0.4499278701570338,2.963442607600705,peace
0.0,0.0,0.0,-0.09495631078183406,-0.05594730091805142,-0.03265262402688596,-0.16423456390026628,-0.21289845322385487,-0.053369116967349854,-0.1466943306262247,-0.35929121764160715,-0.07951741874391069,-0.08985066246296047,-0.4112433242023233,-0.10484849673799344,-0.18735354886907798,-0.4160691274111147,-0.033367555941474135,-0.2559282466841722,-0.5876854429471858,-0.07110495635709597,-0.300506932989288,-0.6989081784796569,-0.09293849118641391,-0.3374506532102417,-0.7955325505981427,-0.10809081699667318,-0.12220691645882918,-0.45971097976716735,-0.051061306053881504,-0.1516845298194078,-0.7049332541139521,-0.09692466608080459,-0.17179127452036494,-0.8514371531926461,-0.1230405303352189,-0.18496229397574926,-0.9734749128783953,-0.13466827318871047,-0.05061402739002005,-0.4424577327862404,-0.07252992921976838,-0.05894302720014357,-0.5643699266703366,-0.13260009173869003,-0.057490242776989525,-0.40350168669661474,-0.12886025976367094,-0.0505809994184952,-0.29260417254141086,-0.10748382573733452,0.01747358223240582,-0.3871342439609985,-0.09703562407185361,-0.0027347755521165075,-0.46337931622612377,-0.13361514395815488,-0.008511695076035776,-0.3559469123627459,-0.11654094726430073,-0.0043135721008631285,-0.279048421850156,-0.09411036118171397,2.6094169249966876,2.4384811213404367,3.1100921531676717,3.092218545476714,3.115525054505659,3.0524482842128413,0.4379828869632518,2.9646835129285414,0.4081906583707864,2.9729568779947178,peace
0.0,0.0,0.0,-0.09347617378605655,-0.052307507004425685,-0.0324255404710371,-0.16503683152183268,-0.20713256123841514,-0.052429930403378316,-0.1450090056048188,-0.3577650793612125,-0.07775253291350673,-0.08297085903424531,-0.41499634392867507,-0.10215361658575697,-0.18297378363986247,-0.41884994091608174,-0.03329394320659073,-0.25580119263668283,-0.5810843062875346,-0.07030031121389738,-0.30266731820401466,-0.6859721797766748,-0.09136204099738655,-0.3404953668179911,-0.7777038359903742,-0.10574418737315708,-0.11956669461354019,-0.46282407065732123,-0.050082487591772994,-0.14586279655412446,-0.706812440675636,-0.09615806893207163,-0.1649431812334304,-0.8536159356467033,-0.12176363110609303,-0.17569528322523928,-0.9754973657086244,-0.13242377787971973,-0.05034894233289631,-0.443881389362082,-0.07065422970131274,-0.049039037018956295,-0.5572127728535694,-0.13116284230158526,-0.0491469221511957,-0.3955161848982376,-0.12865061712502177,-0.04310340681979072,-0.2841029091536898,-0.10754866922517822,0.015155763313175016,-0.38502120913826593,-0.09422097827167289,0.003057644456218233,-0.45935990902920654,-0.1322324690705716,-0.002978229011653122,-0.3510257049268634,-0.1167885063598675,-0.0005066106001408334,-0.2713024880539468,-0.09493223348203032,2.5797998587191486,2.4559374053975187,3.1074274299607225,3.084161401085434,3.109876756007662,3.0442615727021205,0.4755474037994711,2.959869301663823,0.387196003282725,2.985183640053053,peace
0.0,0.0,0.0,-0.09139343176108501,-0.049096890213833976,-0.03320677292464691,-0.15811576280654174,-0.1895553495716098,-0.05519737538753402,-0.13996891963322197,-0.33269800241434855,-0.08238107450754281,-0.09075308596024678,-0.4007163376784583,-0.10808841597542429,-0.17980925554827226,-0.41593800699055766,-0.03296954094942015,-0.2540021329306095,-0.5727229641762269,-0.06964227256856675,-0.30223641238809695,-0.6758251343729288,-0.09087506241430472,-0.3402811506215214,-0.7679116553933268,-0.10562846919248496,-0.11568852265984426,-0.45892547237653925,-0.04971240372017293,-0.14097599487700402,-0.7032896276400398,-0.09394273835055769,-0.15704140485180207,-0.8527747973690519,-0.11908147324145389,-0.16431582595306354,-0.9777845275993587,-0.13014502268109027,-0.0461686228946385,-0.43715386982093835,-0.07039495439565258,-0.04474253876813405,-0.5557609154073566,-0.13029768483215967,-0.04880115563141787,-0.3933993815300397,-0.1276457309795306,-0.04602895326706437,-0.2787907850492902,-0.10704366821373966,0.02113728899781404,-0.3759870799528988,-0.09410506755779917,0.011602478154173371,-0.4501218003253049,-0.13349506366107336,0.0018927322620428397,-0.34329742682010744,-0.11900130434461888,1.4384579584047078e-05,-0.26232430824802516,-0.09767524674093274,2.577538937619238,2.6429795749901146,3.1062700384628292,3.0738234898424257,3.1186971732466704,3.0463574202635413,0.4521397138149499,2.9707954325846955,0.4087912983679304,2.9966371763675284,peace
0.0,0.0,0.0,-0.09265186401479594,-0.04477638828452023,-0.03476620756420151,-0.15691731803172246,-0.18208677500376902,-0.057758571865661315,-0.13502223984590844,-0.318367939807167,-0.08549863470419589,-0.088449948153659,-0.3878416882046752,-0.11185728676961573,-0.18154408570442782,-0.40934208326369564,-0.03644843433933797,-0.25796508203392904,-0.566393764884001,-0.07457061759372097,-0.3062435692126047,-0.6714757678723361,-0.09642654275331644,-0.3451344515939219,-0.7656424346113089,-0.11149686873743124,-0.11669485600156866,-0.45453806032247995,-0.05275477248185618,-0.14374683092605073,-0.6989941288067753,-0.09819085802695289,-0.15872337406007658,-0.8488529959837224,-0.1236858829711287,-0.16638241587869454,-0.9767956865601194,-0.13485947650763735,-0.046293253259761524,-0.4339333167642138,-0.07306204623874603,-0.04933935671663072,-0.5561091601909615,-0.13413998883819508,-0.048115648661933866,-0.39056497005261154,-0.13131208740741293,-0.04172679486431122,-0.2750941393751343,-0.11039994946452288,0.021680128171020885,-0.3733562780933796,-0.09648234250807916,0.007246274336336227,-0.4410106451479635,-0.1377916207638593,-0.0009240471115645815,-0.3334566376721587,-0.12403755626562651,-0.0011020352418951327,-0.2547612956879791,-0.10286003238888185,2.5515069014960154,2.709644177371376,3.0975962845461567,3.076464336333874,3.1150531495088996,3.0478058849002796,0.4473491394559237,2.970800660846173,0.4923747407947136,2.98255330865115,peace
0.0,0.0,0.0,-0.09173855741406259,-0.04721925630407089,-0.03242804830049928,-0.161771675914074,-0.18965728075673857,-0.05375880098147239,-0.13829543733654193,-0.3331085435195263,-0.0809074672010448,-0.08051228184141425,-0.399537204692351,-0.10736154741602078,-0.18459957911785696,-0.4161277983309524,-0.031028990952391162,-0.2627683187898443,-0.5691053951122521,-0.06878070995829037,-0.3119726633945267,-0.6703057958692712,-0.09108783565063146,-0.35245084816018435,-0.7577667439173742,-0.10544161306531782,-0.12108099845414923,-0.4589358924270272,-0.04818683212402934,-0.15085087389576574,-0.7080782294434264,-0.09262185657430382,-0.16988150081582773,-0.856395844296359,-0.11763518754597374,-0.18088752848638906,-0.9752261998073878,-0.1273324830800327,-0.05127531162767913,-0.438621003091979,-0.06961948160301326,-0.06243774959490417,-0.5496465174529951,-0.13051724080506788,-0.06004571696816085,-0.39225726866110006,-0.12972263813014592,-0.05187123812331854,-0.28210458253177945,-0.10883493485960598,0.01608348468094222,-0.38002902023811225,-0.09376339255274022,-0.00750165334113544,-0.4624828795825796,-0.13097495112975804,-0.014340113963014081,-0.3540177266748834,-0.11412412945191354,-0.011096804418938178,-0.2691768959971973,-0.090828015780221,2.5279819016770304,2.5927422825243793,3.102280200699067,3.0784758397734873,3.118086786429175,3.0455980958548547,0.5018481595406311,2.9483782114757644,0.41656231279967243,2.9857021428141386,peace
0.0,0.0,0.0,-0.09348571773058692,-0.04089360490467892,-0.03485402439729029,-0.16319162686016445,-0.18921952766440855,-0.05478799597111578,-0.1382261473731226,-0.33098078037742396,-0.07939387560948037,-0.0891706449700375,-0.4021176889106376,-0.10368715265885606,-0.19316869804151102,-0.41002405677380294,-0.030545638281216713,-0.2697762485627048,-0.5676226282343404,-0.06581993506370172,-0.3162593970068405,-0.6706642847194642,-0.08532215687588908,-0.35290716296575386,-0.7604778509478023,-0.09712071623009194,-0.1292981626633039,-0.4614525732633197,-0.044741786904069,-0.1614596108705117,-0.7103202097613044,-0.08644523094478077,-0.17809228233086452,-0.8582962007397896,-0.10906702978458038,-0.1850133225691352,-0.97578439572932,-0.11668283302652127,-0.05954091348266687,-0.4501948874091684,-0.06362572796495342,-0.06887443442642473,-0.563447862649162,-0.12427910154626545,-0.06201192519099064,-0.4083004023559839,-0.1259491269327354,-0.05041659906619062,-0.2975853313989844,-0.10667563069207917,0.008642353415976176,-0.40048400500575027,-0.08499853269002675,-0.0147857674737037,-0.4839119224403358,-0.12349988666707389,-0.015454525988970805,-0.3712795430618466,-0.10837252808002998,-0.0071006468012606355,-0.2837271967045222,-0.0861122261205174,2.5322906471735616,2.7088813816663326,3.0932687500642815,3.0696480565794517,3.1120476386311204,3.0362914597202586,0.5030739423859821,2.947523321381162,0.39264809722824506,2.9852778269887423,peace
0.0,0.0,0.0,-0.09610437534937295,-0.06452310889933062,-0.026301379735978885,-0.15878715414528233,-0.223939919555733,-0.04273972769050931,-0.1222810209102681,-0.36904345741967753,-0.0664171101199199,-0.05798185259451274,-0.42704025045342064,-0.09071191916965692,-0.18167109290468364,-0.42964204494294994,-0.018804699202249323,-0.25276500697753224,-0.576866461158086,-0.05323000924801901,-0.30046875040839033,-0.6758191482442895,-0.0754672811837182,-0.34077564838117125,-0.758107767427576,-0.09073107198272584,-0.11585995213881456,-0.4737736123562661,-0.0396507010957108,-0.14338322928900732,-0.7164926679952957,-0.08072926237943542,-0.15846161857494054,-0.8623050466982812,-0.10780051342812173,-0.163676993900503,-0.9792008692904016,-0.11989787007539475,-0.04366924382157628,-0.45146139440474703,-0.06457266102040526,-0.04986770004849728,-0.5771777203087188,-0.12027012564424652,-0.04891798612808658,-0.4213668676630071,-0.12004970228907341,-0.042268494641288665,-0.3125835375680988,-0.10164790567408895,0.02621798077609918,-0.390876751291423,-0.09211011602490934,0.005273809043441257,-0.47791012196451527,-0.1260595043447959,-0.001633488022520758,-0.37182337514580893,-0.10867003661602441,0.0020397019647065604,-0.29004721302812414,-0.08613995800967246,2.5222450991139658,2.55303833770388,3.1117696520851936,3.0893605115185108,3.1138296351382277,3.0388151936664887,0.41810951155601894,2.964420510730064,0.3546817379306199,2.9849800343446296,peace
0.0,0.0,0.0,-0.08930095228552881,-0.07008249225189644,-0.029532408137040885,-0.14475595168978275,-0.23754501125799451,-0.04638524097764435,-0.10796080793848471,-0.39890125692956513,-0.0689696657254325,-0.053357730268918394,-0.4856207495442975,-0.09111718547323198,-0.17179153610915424,-0.4492433911482008,-0.02017934329836114,-0.24822089533862932,-0.6117493807825078,-0.05246247768773194,-0.29796738510116727,-0.7144530007189809,-0.07216847562850603,-0.33509063384487875,-0.8008544825960879,-0.08533973144563557,-0.10744758599255853,-0.4857178546068882,-0.03747509806561938,-0.12895752528670787,-0.7231040273432567,-0.07598549085568788,-0.14174452681916452,-0.8674895782788274,-0.10335789803297174,-0.14306779185594623,-0.9829126266371914,-0.1158204443552214,-0.03767025724492054,-0.4570693584348287,-0.05874761642024985,-0.03577086887287124,-0.5787853821295054,-0.11340612385358345,-0.03882016805484357,-0.4385443153086311,-0.11556682620366762,-0.03290543529051225,-0.3361063160931966,-0.09961365946298713,0.028790149433467617,-0.39135892986012655,-0.08256863951933954,0.016257089318988747,-0.47728940212951276,-0.11871052960939787,0.009949431430256853,-0.3751000052220854,-0.10391119458752508,0.01581594535766598,-0.2934898740020531,-0.08282357159248765,2.599409841770388,2.7990039036349432,3.1113328170692593,3.0749932754081475,3.107769454358391,3.0278165593233637,0.4383677626997485,2.9515856589138854,0.3222229254906894,2.9664440036352984,peace
0.0,0.0,0.0,-0.08350326599904591,-0.0637673289361074,-0.0349494550937283,-0.14128131118418574,-0.22479397029634823,-0.05525485488105284,-0.1059430777662608,-0.3819316950921568,-0.07951881760221823,-0.04771835650559441,-0.4660208565218502,-0.10160179590485434,-0.1663575685222329,-0.42795274960441543,-0.02902673821777423,-0.24509315867795672,-0.5978627599605112,-0.06453577480950538,-0.2936475022509279,-0.7020733954263304,-0.08407341340017055,-0.3311503450397391,-0.7932915103761109,-0.09574827199190003,-0.1047043609740101,-0.47145863034554353,-0.04206198639093906,-0.13012044772588258,-0.712961355401764,-0.08316343984192284,-0.13855412143128065,-0.8613582013730131,-0.10676090038383194,-0.13766882052004178,-0.9837734448625219,-0.11505261857057847,-0.0373314184744334,-0.45462399109649265,-0.05962503745039581,-0.03032365288696669,-0.5596396666766527,-0.11694095929195407,-0.02659324510637693,-0.4110006964414072,-0.11705448387001165,-0.015671570564221308,-0.30275043526588324,-0.09737981171003449,0.02887258464461588,-0.40438358371909305,-0.08033560959134,0.02377095008316635,-0.4728150965200772,-0.11770041764755503,0.018135585415698985,-0.3706010846611038,-0.10346016462801526,0.023010107920722323,-0.2905863537798954,-0.08142054036476941,2.579777419164965,2.7572285213434373,3.108733320062041,3.0642383196284566,3.0888395075154196,3.0277384865694867,0.5078846406198535,2.9444540437524163,0.3829538979991303,2.963786169954243,peace
0.0,0.0,0.0,-0.08004300981887164,-0.07213834046693052,-0.03508866110804017,-0.12907538079452296,-0.23050558847845465,-0.0545951176929917,-0.08580601915913971,-0.3714935855597631,-0.07888806133460764,-0.02966435174244868,-0.4390490390620426,-0.10179158582233186,-0.1539760637277643,-0.4309886217826816,-0.023668414402687285,-0.2255334157016874,-0.587769996345537,-0.060381900853896144,-0.27363617148595354,-0.6893341942906523,-0.08280245135471712,-0.3112710536240851,-0.7751012344647205,-0.09643598668217405,-0.09292741252658099,-0.4795345955092709,-0.03780831688353274,-0.11001768132609321,-0.7177659196366439,-0.08011050195102183,-0.1194052322394234,-0.8668568412525853,-0.10642677729254366,-0.1191683340973932,-0.9860064419153428,-0.11657703311500858,-0.026416495016501267,-0.463202064738522,-0.05714775292779006,-0.01692544817729122,-0.5554666665060185,-0.11652890792950661,-0.016432330413561683,-0.4084431432146739,-0.1188230396176991,-0.009017922606616394,-0.3053489360990634,-0.09987469552387497,0.03739731194463459,-0.4080311756655547,-0.07957607402369536,0.03172872583544521,-0.48094052717771685,-0.1171450531148685,0.023870764060443368,-0.3747172484329074,-0.10191537980266849,0.02779436853621027,-0.28889022766543165,-0.07910135366886817,2.5474002573434085,2.742728882169866,3.1077281546265807,3.0707982676967367,3.1190843211272288,3.0275854411205985,0.5942784333476119,2.9308220884828233,0.36451744061176683,2.970838453858603,peace
0.0,0.0,0.0,-0.0848141296689651,-0.08045237534678601,-0.03160910350017903,-0.13418904747155702,-0.2439408799776815,-0.05371784862398763,-0.08927870325180105,-0.37494017829428544,-0.08059959361160382,-0.022677359155986985,-0.4181808855656624,-0.10689595028508704,-0.15222240335454215,-0.4364502889343058,-0.031562256264535585,-0.22196443904957106,-0.6078026189468452,-0.06895800567762596,-0.26787995914597745,-0.7141784683920719,-0.09227022546663734,-0.3012493453729836,-0.8043602842838419,-0.10738483528885778,-0.08708724175505565,-0.4762529351761368,-0.04700065435489484,-0.09942286494863388,-0.7143322772697375,-0.08815400043080827,-0.10614660617534713,-0.8631611410066193,-0.11477712221683352,-0.10263932695071841,-0.9865462698587953,-0.12724632014640194,-0.019210401210047235,-0.45434504042179763,-0.06646566238916363,-0.010611048502985493,-0.5567169028905459,-0.11692414630435712,-0.021089708807608874,-0.423703556703428,-0.11761349316527658,-0.020307980017026512,-0.3258424692826801,-0.1017786865038064,0.043864511053760866,-0.3967613822994433,-0.08913423801660286,0.03346531726922032,-0.46791869487645504,-0.11798423892255525,0.022260033921556167,-0.3807820595550054,-0.10222863627284312,0.025026913666258713,-0.3108572340632531,-0.08202365927230083,2.5227090531183016,2.486331288868583,3.1079137081302695,3.0646119261217986,3.1189835442784983,3.032283706712707,0.46279145416613504,2.9517471537429185,0.33523888758312786,2.942323655125451,peace
0.0,0.0,0.0,-0.07495250145171282,-0.07744822169059114,-0.04022676927147609,-0.11178241999105953,-0.23657599522181846,-0.0632659745255447,-0.06677280673111478,-0.36715893769226016,-0.08956056333128794,-0.008630861222705032,-0.43013645420175106,-0.11499869211171215,-0.1392088711147709,-0.44016635907111373,-0.032000826490502406,-0.20738812036010698,-0.6069573863669923,-0.06875845706613119,-0.24987373326515214,-0.7182304354311103,-0.09173096975007694,-0.28198218778317796,-0.8156819066283841,-0.107125238574817,-0.0721807212430686,-0.4822165897248544,-0.04403907688849645,-0.08290727059837413,-0.7153279418955072,-0.08694134366132539,-0.08433689623096172,-0.864510815324715,-0.11552939644012902,-0.08392091545460213,-0.9880193716789369,-0.12951834285698727,-0.00896972935712286,-0.45788697572475284,-0.06147405101125421,0.008174926561501423,-0.6040999437138882,-0.12495053892827766,0.014146634781809782,-0.47389056184577416,-0.13547131755567252,0.019071649870772246,-0.37059464295028777,-0.1237357681887762,0.04887363074027148,-0.39578515629624655,-0.08159626814263835,0.05270838158890176,-0.49112893675353875,-0.1281684708510135,0.047787970239756714,-0.3964887063919156,-0.1239397816856405,0.047084748982646064,-0.30969209774421896,-0.109480555025469,2.5873781752064007,2.72634351537683,3.105269884114398,3.070641278623655,3.099661859280521,3.058966067825809,0.5134388490899741,2.945215595651011,0.4113581327092993,3.0065942348483854,peace
0.0,0.0,0.0,-0.07476038666502267,-0.0916545029622997,-0.04133623716334104,-0.10621710159109941,-0.26078764638445584,-0.06072263792043578,-0.054587420600810586,-0.39794935178792146,-0.08237940185948003,0.0014764210750391198,-0.459826968756271,-0.10183318095908285,-0.13910599719954217,-0.4383702150611315,-0.02229705614864912,-0.21009060511129418,-0.6005367210023838,-0.0588423396074879,-0.2517513421201214,-0.7097359678818818,-0.0832849933106994,-0.2837929770718356,-0.80528305402903,-0.0986671768432005,-0.07113610268813816,-0.48180007803083874,-0.030868678142755727,-0.08323642145461867,-0.7107961864435627,-0.07109392358189626,-0.08601360802345608,-0.8587756473476923,-0.097264370720453,-0.08502987146903483,-0.9904214246779647,-0.10879026839212184,-0.005762025460479962,-0.46113312145655716,-0.045668635252863306,0.011447977035403949,-0.579514453672925,-0.10334384344505623,0.0027962866645671255,-0.4417106095809734,-0.1072626382463202,-0.0018995616573590445,-0.34526769629436505,-0.09105228905129896,0.053831252708331466,-0.4026422616335815,-0.06415003888596958,0.05892640730508577,-0.47643082889792887,-0.1035043883202203,0.04520355989366788,-0.37511461597265755,-0.09281140582739754,0.03961229255398523,-0.2959918980419123,-0.07378441489784081,2.6008001642217917,2.761747908924455,3.0875372315078704,3.065165786156635,3.102180410110315,3.046105859424492,0.4848884261500694,2.943600156075449,0.39189473244049533,2.990012341645777,peace
0.0,0.0,0.0,-0.07274803982884764,-0.09158276051024665,-0.03968906204753644,-0.10175439043620921,-0.24323016338055062,-0.06183025155158046,-0.05373234587811,-0.36742523921474984,-0.08692802253196796,6.043157128892061e-05,-0.43007172402476784,-0.11040292556379998,-0.1335352894881469,-0.4427702293863804,-0.02436777777304841,-0.1976131667819392,-0.6026394600361269,-0.06368371074593429,-0.236918921515196,-0.7138435159881129,-0.09026990047841507,-0.26719642450905773,-0.8069933989341378,-0.10617715552612036,-0.06328969531081123,-0.4795447691828574,-0.03619856372125016,-0.07385750561769716,-0.7091335500396506,-0.07715741976770454,-0.0786806200400621,-0.8585556728028249,-0.1040061392733961,-0.07882575224451395,-0.9901021849954157,-0.11612133331300462,0.005202258243297293,-0.4487561693892649,-0.05450142680671472,0.018098291267447324,-0.5689499037372701,-0.11353583443153642,0.007619199650325985,-0.44532844566352336,-0.12199191491085552,0.0022301821361836766,-0.35978418133651086,-0.1093321134794584,0.06621034029342364,-0.37702759088138965,-0.07591579005208501,0.0704109773870599,-0.46236918443341457,-0.11546515453452953,0.05490208251598437,-0.3725662622754379,-0.10702880271312457,0.04953186950673782,-0.30064899582954885,-0.09015710358446506,2.5891022784891544,2.7964259033237986,3.0934026097313088,3.0672943205319023,3.117211483491607,3.0464772351017455,0.5235444044061381,2.92276242502089,0.36290285917868503,2.968145179220642,peace
0.0,0.0,0.0,-0.0683980164775712,-0.1103720386747367,-0.029974304558860042,-0.08466964369045939,-0.26819133899222525,-0.048866733140337876,-0.030784097441907035,-0.3747639051886859,-0.07284303677664636,0.02187394815567871,-0.43226174041422416,-0.09600090604026072,-0.11370930127881965,-0.45157674753506655,-0.020903816641055926,-0.17385177416263503,-0.6127559993658853,-0.057521430986768055,-0.2126977929524916,-0.7250751450429859,-0.08334087793887457,-0.24049676579397128,-0.8204938127927901,-0.1002835143124073,-0.04641185020318291,-0.4791418559775142,-0.03732226782906158,-0.05516287051779848,-0.7091482206168715,-0.07860708805881174,-0.05902519740682717,-0.8610857278188816,-0.10928901833885059,-0.05434285041263795,-0.9905028829068265,-0.12629684700060906,0.01746095530708064,-0.44211899835808605,-0.058795852072102896,0.03182364807437919,-0.6024408240441744,-0.11543907331290404,0.013187008679342652,-0.5038193408079215,-0.12794778133669624,0.0026878692285996664,-0.4241614932060596,-0.12102034377697146,0.07404234256315738,-0.3666635046770805,-0.08226462071378148,0.0738287908700393,-0.47536591557741015,-0.12051963557619236,0.05333595341306899,-0.4161803627714433,-0.11640972363017466,0.04464134876468993,-0.35878968665106625,-0.10442933758944647,2.57208605405488,2.8590965838812226,3.107039445784626,3.067643281224478,3.1101290579913794,3.046477456360741,0.472959828454557,2.92071618078301,0.4280998935856421,2.9063118828692,peace
0.0,0.0,0.0,-0.07238741664036427,-0.08760114970395036,-0.03427268432022172,-0.10237099091569721,-0.24060664369909152,-0.054473407818157585,-0.06694874568597482,-0.363954438161576,-0.07826816949902722,-0.025221583920606732,-0.4407939027237272,-0.09974503366554602,-0.12775042271980944,-0.4488785910262439,-0.025207204689910803,-0.1911158739288233,-0.6116890939720317,-0.06098544438038432,-0.22647217709880088,-0.7263011882535794,-0.08291694640973686,-0.2522308863874856,-0.8245300736804289,-0.0961192714694597,-0.05796100521628169,-0.47739041818962125,-0.03867300986090498,-0.06519206101608388,-0.7144749887871301,-0.07987741576324432,-0.06598351325440811,-0.8649528513467731,-0.10622660706147005,-0.06265336547660175,-0.9911279300609899,-0.11721766951903145,0.008646671024212123,-0.4419921451851976,-0.0568366589387563,0.019942531106360222,-0.5719521432313109,-0.11418982072232874,0.012356686372136827,-0.4432003453402536,-0.11473996485276128,0.010644258118181999,-0.34777916070108456,-0.09580758644014294,0.067749934335805,-0.36828212555458245,-0.07753032284450562,0.06456863563693044,-0.4625851718451255,-0.11489540629365023,0.05178664510764753,-0.37131420637105905,-0.10036595118112975,0.048584545893282996,-0.292047646198278,-0.07790376401422656,2.67060179394229,2.9187420557365114,3.0641563839211035,3.067945958590575,3.110728372988705,3.0462280806825843,0.42010382301362553,2.935063106968311,0.2786127910390905,2.982955525102164,peace
0.0,0.0,0.0,-0.07120456294926066,-0.10360860844671313,-0.0284959689538959,-0.09634014383790977,-0.265533431923642,-0.043615837314930614,-0.045695438666306015,-0.3834580726101898,-0.06430902678375977,0.007701158489515626,-0.4441570394923333,-0.08424536431311247,-0.1165926539268925,-0.453512576908731,-0.01332596762012347,-0.17951291972039946,-0.6150895426864441,-0.04543955836015454,-0.2164881382914282,-0.730909203966535,-0.06700386900449078,-0.24236610915587198,-0.8286194961682335,-0.08112972619257329,-0.049532147635715354,-0.4830495117325629,-0.029920204052773618,-0.0584161690779651,-0.7166129864057695,-0.0676882964572766,-0.059056403375002724,-0.8694273139974572,-0.09570499131010148,-0.052450482924114965,-0.9925704072738435,-0.10978585266446424,0.014296804662367475,-0.44746917318030927,-0.05173946586116653,0.03083457613976715,-0.579910194528392,-0.10644608850734172,0.021056398957592325,-0.46697855941649474,-0.1152781606312724,0.017480950201096097,-0.37773867557840046,-0.10444702589927998,0.0702869231452535,-0.37632522847146044,-0.07558701922261397,0.066550021448193,-0.470240128978994,-0.11177192564958058,0.05121727600900489,-0.3877329061501304,-0.1028171676377461,0.046773797533874895,-0.31344180330348226,-0.08688735821619627,2.582021283157096,2.819905299426768,3.075452189748757,3.0726194365978743,3.0981545980988408,3.049577528499503,0.4689508500169814,2.9349862466260666,0.34127945273219695,2.974921549385689,peace
0.0,0.0,0.0,-0.07430168625167949,-0.10439587899380645,-0.028431302577214906,-0.10296000275255852,-0.26464618340801727,-0.04692089392002483,-0.054822445158744924,-0.3785128652557988,-0.0712036102063962,0.003240688773243368,-0.4302718003196392,-0.09464299838179532,-0.12188524435083838,-0.43982457248659884,-0.022021690019642853,-0.18613713579548263,-0.6056714024080359,-0.06019641735686058,-0.2250190041951683,-0.7196609638429776,-0.08283420125205176,-0.25378294358573716,-0.8136963530929641,-0.09557711940806873,-0.0578129118186668,-0.47507070762913794,-0.037938531846338046,-0.06265341545912735,-0.7135607212871744,-0.08012522517182698,-0.06257218996930956,-0.8666175118549758,-0.10564935907916306,-0.05633850553737709,-0.9916306813869662,-0.11616610747475478,0.005904022004393571,-0.44713516409946724,-0.05881883825631292,0.02271204534060954,-0.5802714776717708,-0.11931273980855255,0.015590979870649314,-0.4572670026018038,-0.12738573157184216,0.016004545551406592,-0.354716474502585,-0.11277246076504248,0.06262559647268792,-0.3831016591366042,-0.08146286096831588,0.0614503558690971,-0.46397851903610765,-0.12081148770297676,0.04870063173110364,-0.39316037982164137,-0.1133419689727256,0.04703208760327139,-0.325169884375878,-0.09612619107424321,2.565632520361943,2.699783113944078,3.0884695585718367,3.0691013050367077,3.1124610759737092,3.043323346457164,0.4940075388251551,2.9234099832806852,0.3971410477575126,2.92684147155401,peace
0.0,0.0,0.0,-0.08681756445107315,-0.07652733891650576,-0.03181853800102376,-0.1344120130601713,-0.23991467774967715,-0.049043199386231466,-0.10351314611183529,-0.3870070976926272,-0.07105737502089877,-0.06261300466142895,-0.4701267037171687,-0.09231949261506296,-0.14931780773396666,-0.4292173404252997,-0.02167544722814701,-0.21791991109231593,-0.5963452980735576,-0.05963753013789464,-0.26385007972752467,-0.7041814635247238,-0.08247248714990021,-0.29886488694104596,-0.794322489669759,-0.09573500403142994,-0.08177988988554563,-0.4760603963909921,-0.03617504040344987,-0.09287443993402805,-0.7157519505618651,-0.07774842548252935,-0.10589268110648811,-0.8644609668106538,-0.1033650844320403,-0.11037074734130517,-0.9873629971105974,-0.11372163412517612,-0.012736037828838115,-0.4592075186051187,-0.05603586685468512,-0.010185561382682097,-0.5813735259974278,-0.11493989186441973,-0.02058419978517651,-0.4459259676178871,-0.11801133675068601,-0.018180673007856574,-0.34210617653383774,-0.1006417453174097,0.050379144833541896,-0.4038251873936333,-0.07833207714075249,0.03735925422602347,-0.4887205602071455,-0.11709607835730587,0.022596210659097463,-0.39539042635108396,-0.10498377064707214,0.02381394357809523,-0.31548639397282335,-0.0845035508731033,2.6524235316449825,2.8813600755538915,3.1106678469122233,3.069216524704119,3.0970596536492816,3.0386012382729,0.4755340339438277,2.9266201665117326,0.42047512771609613,2.9286466838525524,peace
0.0,0.0,0.0,-0.08619853825486709,-0.07715279246663782,-0.028671099556482213,-0.1392956940963749,-0.24292239982268188,-0.041926118799911094,-0.09905787965624226,-0.3901997387891504,-0.06019393533944298,-0.04310837096421593,-0.4710936081693672,-0.0780804228421129,-0.1557282834209026,-0.4530201722691274,-0.011360472039770935,-0.22967486138260437,-0.6070408623112471,-0.04191821944156541,-0.2780904171763535,-0.7046852193153178,-0.061831169854927905,-0.31669670887357554,-0.7875057181464789,-0.07383451310638905,-0.09023457387913371,-0.49521214366657057,-0.02531936666103752,-0.1058093705859265,-0.7306892410012622,-0.05742456275089069,-0.11917649088161647,-0.8734366771996785,-0.07818779491667582,-0.12585368714358108,-0.9882796577914578,-0.08639541323452721,-0.023515890304067335,-0.4701366573297754,-0.04492553938815473,-0.028271785019545602,-0.596602239500621,-0.0962382264794382,-0.03565048870181105,-0.4671780423847893,-0.10182206459791893,-0.03155954606215801,-0.36802914436072326,-0.08797238045574829,0.03837674781349068,-0.40729920415500204,-0.0670174131032318,0.02103885872314436,-0.48856721082604593,-0.10322694790501451,0.0054887775731427575,-0.38998765859225354,-0.09445067753444908,0.00502421390387603,-0.30608559515612227,-0.07718503427356292,2.5658052450687467,2.8004541053619536,3.113111385193635,3.0761473386965026,3.107482823249726,3.0565235930834636,0.43884102876327746,2.9329107077201395,0.4801690801172002,2.949321696590901,peace
0.0,0.0,0.0,-0.09011849669198292,-0.08549956113527138,-0.023913462082914057,-0.15017659455362722,-0.23954344907648023,-0.041692419743413735,-0.12506993309845077,-0.3761513538678182,-0.06642623929875337,-0.06884891185376982,-0.4464650236773095,-0.091174577068101,-0.16086426632131579,-0.43921118572268325,-0.022532843669253236,-0.23817878417343177,-0.5905778677871117,-0.05881985189430861,-0.28494520451743,-0.6864108845964988,-0.0801636047402784,-0.32319872961706436,-0.7719640049576911,-0.0930041742008159,-0.09557262378858396,-0.48419700731607224,-0.0412183233337832,-0.11055712033819311,-0.728902991652687,-0.07978348720864115,-0.12434473060361186,-0.8697308195447221,-0.10123421214397008,-0.13084586880213658,-0.9854047722774896,-0.10888890388907041,-0.026209573582743968,-0.4642752415312879,-0.06384489140538914,-0.03882431989661386,-0.5902429148848081,-0.11763950124805114,-0.04503462167793756,-0.44647650605014444,-0.11596421738578751,-0.0371519727267447,-0.34111727459370933,-0.09612947590038382,0.04098330815729056,-0.4043454138609182,-0.08853069462366814,0.017545670027215264,-0.4932373362915783,-0.11941075168525028,0.003900985086821015,-0.3978882410636431,-0.10188488308553083,0.00865725586599268,-0.3198073503667208,-0.0789884981377852,2.5891044227471607,2.6517683365146922,3.107507070638223,3.0634455862157592,3.100492625981497,3.0435946310887316,0.4148968165334859,2.929960413318644,0.41424368586298854,2.914606481077028,peace
0.0,0.0,0.0,-0.09704084499238162,-0.061946196322221064,-0.025028031371105562,-0.16630701560487357,-0.21447740434097445,-0.04160663630497687,-0.14144235581496434,-0.35952642730258605,-0.06451283877414127,-0.08508505773311485,-0.4311321583727611,-0.0873734631223272,-0.182335612530322,-0.42180201237820436,-0.02268722425770816,-0.2613645429242312,-0.5672671175987609,-0.05685128566895558,-0.3121046917039192,-0.6629002991084927,-0.07723445100441632,-0.35425372363840213,-0.746462127889163,-0.0902000730494614,-0.11817915868707186,-0.47408820827562875,-0.04035373761051529,-0.14224673494790713,-0.7194653666749897,-0.07768919414290566,-0.1611915554879052,-0.8624228797104587,-0.098885266318491,-0.1715233723710918,-0.9793313615194391,-0.10719056429989307,-0.04779458752404868,-0.46179558143348165,-0.06190018310222169,-0.06225804458121027,-0.5828482766911898,-0.11464404232000312,-0.06407340813963676,-0.43932869170659195,-0.11323380791311753,-0.05401851375223752,-0.33253440046964683,-0.0941959393189891,0.020078277975109686,-0.4112769396053007,-0.08569276748584662,-0.007013869379008196,-0.4981653309117392,-0.11593551943040145,-0.01492416668019792,-0.4002054726703055,-0.09855725519242003,-0.005783706386230948,-0.3194533827328227,-0.07642483300699324,2.5475167575700066,2.645480386850777,3.108050446855507,3.077854315799833,3.1025862090205463,3.0502919186197675,0.41925965031554036,2.942650194640284,0.39991557587068033,2.928550320405823,peace
0.0,0.0,0.0,-0.09788168620838093,-0.05815636515949187,-0.02188572700071506,-0.170831760050107,-0.20923806284975416,-0.03810112933463092,-0.15059085107001582,-0.3538125412457497,-0.06190499459587916,-0.09919123650910541,-0.42377520346394804,-0.08636752782103296,-0.18545708009424614,-0.4236356099089473,-0.019211144025335216,-0.2694792546232818,-0.5659963880445582,-0.05314059876936835,-0.320201871741442,-0.6591398746287715,-0.07447523675058555,-0.3591281292344636,-0.7404727605413158,-0.08822458571903019,-0.11841179797954988,-0.47164061281257225,-0.03952614606018531,-0.1485488258430795,-0.7101946524201257,-0.07840536946494947,-0.17076376296530002,-0.856722736358556,-0.10310306579568643,-0.18212044984069134,-0.9766292182437248,-0.11413812606870319,-0.04532142635524739,-0.4601523136280378,-0.06347489880942506,-0.06782509678349526,-0.5814915073921662,-0.1183458858333697,-0.0719493664566899,-0.43840435763599916,-0.1203755870777317,-0.06343963692723306,-0.3305176320124752,-0.10414356203874832,0.0258296590206591,-0.410254972981062,-0.08916885708862674,-0.011061067788624033,-0.4931452190534605,-0.12302564434969476,-0.023152185777937418,-0.38596600740096604,-0.10812279995510783,-0.016681899307639445,-0.296542720356526,-0.0876600006030473,2.5537516194935073,2.6453033914378135,3.097832878732072,3.062407068573821,3.1099919076360116,3.0452373394003605,0.47979728381343245,2.9442597199469454,0.5594536332022686,2.936948613051476,peace
0.0,0.0,0.0,-0.09797681695271189,-0.0511799227570296,-0.02464792103206975,-0.18086352533390598,-0.1871907261323215,-0.04288998233016252,-0.16513071324433903,-0.3367681402138548,-0.06854483015199624,-0.10147944483553102,-0.4030558079001191,-0.09432667057528081,-0.18714143881120193,-0.40717090554490126,-0.021160220574232266,-0.2719413770697198,-0.550337267395124,-0.05704495059055094,-0.3245605525904317,-0.6381490861362404,-0.07913431148004665,-0.3647875886016116,-0.7183079853680617,-0.09398040942932462,-0.12429711250168167,-0.4679426448877272,-0.0415063303493606,-0.1595047938663895,-0.7055714644806114,-0.08210059036472044,-0.18518868459649473,-0.8496035038000184,-0.10740119540772497,-0.1974172153947066,-0.9731548503182428,-0.11830503103367457,-0.052609255069496125,-0.4598278732607208,-0.06606151878987827,-0.08532359636197802,-0.5493693935316696,-0.11991881681507527,-0.09160709993480032,-0.4048940832571461,-0.12165283885887959,-0.08125699870091731,-0.31158342139412953,-0.10553620962946823,0.01933889610649322,-0.41092288318169096,-0.09334706538459508,-0.024793569600361286,-0.4714859781140268,-0.12747976547455783,-0.04114011119172821,-0.3640966213010604,-0.1149129748466977,-0.035746062677511965,-0.28770363557797485,-0.09625629675391954,2.4936156066330324,2.4892296378335437,3.1131738047917117,3.0456803373106354,3.1063972671642466,3.0245611625720774,0.6472783049946365,2.901594219683604,0.8103059676321793,2.8878303812576966,peace
0.0,0.0,0.0,-0.09679139482047106,-0.04237053660274294,-0.03555522247730276,-0.18605909375779095,-0.16053908483224552,-0.05796820816433625,-0.1832404901751366,-0.3172291012194336,-0.08562900685486684,-0.11877111956305947,-0.40193118172924525,-0.11278328529797127,-0.21046994203634378,-0.40118069073638973,-0.026636583132880066,-0.29717919918239044,-0.5431703029892267,-0.06510948061935345,-0.34938884003854365,-0.6396162888293933,-0.09037258865582552,-0.3903470359455395,-0.7254137957168709,-0.10791979503787064,-0.14478595684727247,-0.45656610511026996,-0.04094955408676198,-0.17110500030381035,-0.6948444694992592,-0.08366641726107914,-0.19861261058517135,-0.8392712041643182,-0.10970250714308623,-0.22251402797732436,-0.9672277872664593,-0.12230255472775402,-0.07479525210075666,-0.4513057220930358,-0.060821798614111244,-0.09846847539737483,-0.5711256978101827,-0.12108795988390543,-0.09937122734155746,-0.41732713977914565,-0.12437562033709444,-0.09002434667159764,-0.31036733397175637,-0.10824568793719248,-0.0030693723967374115,-0.404644568179645,-0.08390940134922928,-0.038631500177462606,-0.4685756975127695,-0.12490002868099262,-0.04700916766891245,-0.3541064036870497,-0.11566399895635164,-0.03878384006137206,-0.2700943518120238,-0.0984815597704291,2.484904791029332,2.5187259860018663,3.0841173702075957,3.0661946533787057,3.062132742528701,3.058318434910302,0.5180632233414907,2.945392195463781,0.6986800240921895,2.930812241399741,peace
0.0,0.0,0.0,-0.09808641143175238,-0.021642513253335306,-0.03682502699291485,-0.18512683762588655,-0.13824835502389032,-0.060318469917648394,-0.18367215627438713,-0.28022431135314185,-0.08876289624989013,-0.12880464232138045,-0.36422201594848563,-0.11586454357648932,-0.2143247299246367,-0.38294604525359105,-0.03151168786665859,-0.30469315252530393,-0.5202528676016515,-0.07049752895780528,-0.3627827463561697,-0.6103791840465745,-0.09375545110858863,-0.40967899966008153,-0.6895560746430492,-0.108637657135456,-0.15026881950416435,-0.4450625115911048,-0.046799491981232975,-0.1853378843689906,-0.6915225679360032,-0.08995426061891205,-0.21264319691372777,-0.8404886220006194,-0.11423798376016779,-0.23426770357087423,-0.9642441046666574,-0.12390298494881051,-0.07805301164744867,-0.44224860743733413,-0.06735397730060709,-0.10293120801506514,-0.5509799838422373,-0.12724218633332135,-0.09613131969533716,-0.3986533013299599,-0.12769396318224244,-0.08371038537056656,-0.2914755246084581,-0.10851230881602578,-0.006291772055220454,-0.39726844468333244,-0.09122223165316093,-0.04191605340777304,-0.4595383995612855,-0.129424306649851,-0.04309741192803939,-0.3478649497808308,-0.11543979627970759,-0.03267269357464804,-0.2670840567579109,-0.09439069472850355,2.49939399937245,2.5841215170938745,3.1068206285340985,3.066934028172322,3.0960790824899216,3.054731685802917,0.5255731223148721,2.947205046084921,0.6209244999995716,2.9505202761061,peace
0.0,0.0,0.0,-0.09559538330677414,-0.034697891997699744,-0.0343066635726658,-0.17441601482831523,-0.14735878893416335,-0.05874207669890657,-0.17821432046763036,-0.2912491765904745,-0.0887984615056817,-0.1342926736755812,-0.3899124911206283,-0.11729064661517087,-0.2083258322854086,-0.39620196065603847,-0.027848733065159056,-0.29557855729618615,-0.5269852191813662,-0.06762493779217037,-0.35459564832612106,-0.6164118353756904,-0.09257238104500921,-0.4026195400628463,-0.6951870085557678,-0.10812168744597346,-0.14647917392549803,-0.4527003632709474,-0.04470756913680017,-0.18455392673299104,-0.6924166228401505,-0.08817610913057858,-0.21672182421015504,-0.8415957727345391,-0.11339074197255011,-0.2384831923103578,-0.9632168752472607,-0.12385079016447216,-0.07521515346102478,-0.4464598608683661,-0.06677446524512091,-0.09040525709262737,-0.5661135450760931,-0.12826681852361696,-0.08903168223289433,-0.4103748266843215,-0.13077923984739906,-0.07878312644050502,-0.2935462653375076,-0.11260572787774556,-0.0042267680515672154,-0.39991254651122554,-0.09172372137349842,-0.02957505660462186,-0.468300605626562,-0.1329789693806927,-0.03479083598230475,-0.35676330165835185,-0.12122643839614268,-0.028593140834377875,-0.26836016091866305,-0.1007497557744232,2.5671438996657363,2.704527195629813,3.1076340597610397,3.0617077865867186,3.0827440057151265,3.0508935917004822,0.5011441226220116,2.952559585814249,0.5592742117805074,2.9698488986305556,peace
0.0,0.0,0.0,-0.09779651330843274,-0.03990227548815812,-0.02894330184385347,-0.1722721443578589,-0.1786570539428025,-0.048185411457028655,-0.15836776394837523,-0.33717653698058697,-0.0735443893999913,-0.10712723730709968,-0.43705697939554244,-0.09896092063900028,-0.1974422483067281,-0.41497201106711656,-0.02319046876598942,-0.28382542578500686,-0.5393144058690869,-0.05976497093075362,-0.34521811363987637,-0.6285729622900609,-0.08322886954667236,-0.3953578632718836,-0.7077502578890699,-0.0987594744169923,-0.13304733567189933,-0.46985263355271123,-0.04194111613922614,-0.1734304940348652,-0.7137523828459841,-0.08320821932331814,-0.2045610350601062,-0.8548533831127949,-0.10883541770958519,-0.22331461482317427,-0.9674218186718888,-0.1192711514321573,-0.0595966995738037,-0.4606262842289341,-0.065057806238926,-0.08001399770699709,-0.5791195129516683,-0.12496125655082917,-0.09056684299175301,-0.4223489062407307,-0.13002026101139094,-0.08889413615667803,-0.3060491729127851,-0.11422627862069207,0.01152290211841986,-0.4118602974856582,-0.09011719128387305,-0.022455045126698818,-0.4814161387369383,-0.1294490963674065,-0.033229967485125224,-0.36661190000837873,-0.11719501943154458,-0.0287903631808856,-0.27769351049368995,-0.0970332823411284,2.565787518834327,2.7558513481920404,3.104623011153493,3.0703118044011917,3.0849845376467715,3.0387542386394135,0.5456350703656268,2.953742115993963,0.6367184852933533,2.954727109564347,peace
0.0,0.0,0.0,-0.09808081164232413,-0.051783813337452834,-0.028246944220219866,-0.1775952222076018,-0.1931761021064921,-0.046927776001952866,-0.16709551993308144,-0.3442677149410985,-0.07196559575521563,-0.10871358686971312,-0.43058869882587675,-0.09689923535812195,-0.19993931289900632,-0.40628956270519867,-0.024879314096214394,-0.29066685499089157,-0.5346862290147294,-0.06248866790297996,-0.34932672617904,-0.6271579746447755,-0.08678561630580554,-0.3957177636990624,-0.7071744501309435,-0.10268271239492886,-0.13652396816182097,-0.4631605244108406,-0.043481084833423736,-0.17242754343215227,-0.7098011296055705,-0.08603585880929382,-0.20120384180559847,-0.8546843630170545,-0.1121344931534701,-0.21797827339393114,-0.968208503547536,-0.1227100891795038,-0.06552242023095327,-0.456563300296498,-0.06619114013914792,-0.07938790543061003,-0.5871974282179467,-0.12513200945828376,-0.08615671379545466,-0.4373902716474288,-0.12976470958754,-0.07939268202566532,-0.3224825605054615,-0.11351198106969025,0.0035655789401837783,-0.41063521932535063,-0.09100168912650816,-0.025024282957510347,-0.47731573995432025,-0.12829345300549796,-0.03851891033170194,-0.37091409972566863,-0.11600479460203506,-0.034159521000765976,-0.28610729647341954,-0.09607799686295068,2.5632970476948875,2.621525606077662,3.083952779721564,3.0706227605168457,3.0873774383400705,3.041584271321559,0.47633999981056796,2.9397279017263536,0.6209888104230253,2.928502889386673,peace
0.0,0.0,0.0,-0.09387121106245222,-0.06541142588950714,-0.03244190915242653,-0.1634643736674762,-0.2240082982504612,-0.0572768039302605,-0.1493044034816071,-0.38209223378372054,-0.08755299539920884,-0.08914791777409682,-0.4602915830072773,-0.11733763627443869,-0.17775272596592864,-0.42157831193135603,-0.0362466366525005,-0.2729416285502759,-0.564571506962517,-0.07977511745117698,-0.3343173745631788,-0.6540186378861025,-0.10521591700790459,-0.3813964855606883,-0.7315558874241992,-0.11981569391687114,-0.11063099298096368,-0.4663384100910843,-0.05377239656109662,-0.15844512115414472,-0.716087321914504,-0.10135304640640341,-0.19125007879652894,-0.8559966099889613,-0.12758842289912614,-0.20781004016884216,-0.9685466049511606,-0.13686658190590117,-0.03884801313186994,-0.4525869553371912,-0.07553825814512628,-0.07835538969449621,-0.5650840740260626,-0.1398398461850768,-0.079596613990348,-0.42611398689043495,-0.1437279069692385,-0.06037568189512376,-0.3301970186964201,-0.12485560700203616,0.027601562582778256,-0.4030486908893743,-0.09922706894268363,-0.027338438414246283,-0.4588066101843088,-0.1361040173011183,-0.039820197032803414,-0.3602594356445918,-0.12108155374915974,-0.025839710364929547,-0.2913340670929247,-0.09889608380867972,2.6432770143408413,2.581804282759099,3.1080167982525033,3.0457103792426254,3.0970663322940797,3.009147434112944,0.6198919327000925,2.840102242680219,0.9065121219709058,2.786061014070707,peace
0.0,0.0,0.0,-0.08917754559709085,-0.06412976600896624,-0.031697056255617716,-0.14787968061880252,-0.21663440391446048,-0.05249756297925934,-0.1214073966288041,-0.3736525085197291,-0.07706000370501073,-0.07193205870969777,-0.4629849265397229,-0.10020510937109167,-0.17434186900447377,-0.41164592543051104,-0.03510104438800079,-0.2657596877270053,-0.5654485800575771,-0.07636486099292902,-0.3243626224627196,-0.6637159005333255,-0.1008845782916727,-0.3721939863206659,-0.7464534747614275,-0.11541175055742313,-0.10997522207658458,-0.460396428221548,-0.05061907187029828,-0.14820581253250184,-0.7180215461836624,-0.09167824673479581,-0.16826789987062124,-0.8576731629627181,-0.11429977095037291,-0.1771769049065801,-0.976518141584526,-0.12255881659035563,-0.03832466978319796,-0.44702809233510543,-0.07013650867062236,-0.04406555713080706,-0.5695792916715563,-0.12457222210007833,-0.049161349993220846,-0.4335133701859189,-0.12379390038712713,-0.04207452838176241,-0.33912861429604996,-0.10553685040637643,0.031229654637792835,-0.3960755772958966,-0.09259917800343737,0.014959637229373938,-0.47099366703328965,-0.12526746540242054,0.002976154893027417,-0.3807972701212391,-0.10877371696549762,0.006994498041452028,-0.3146330203706895,-0.08702474924782773,2.6114409813595203,2.8006720266099543,3.1132269281623834,3.0717861987071693,3.122945557197603,3.0262313711535587,0.4206483777655181,2.923562121910728,0.40071357090476845,2.905722166610211,peace
0.0,0.0,0.0,-0.0823756071291215,-0.07149960692775192,-0.032842950634475995,-0.13397054943396053,-0.24348750503172706,-0.051215943339325894,-0.09005585337785992,-0.40174017690819425,-0.07264393920970984,-0.025440040870244002,-0.47245565718948773,-0.09205808320641877,-0.16338722743430886,-0.42853771766440185,-0.03120265403913308,-0.2427474174863796,-0.5910457487724399,-0.06665013465985668,-0.2895929841946485,-0.6840008309605897,-0.0854527766372115,-0.3293483997782305,-0.7554093324484001,-0.09505444490318113,-0.09874618794569648,-0.4724661083673291,-0.04327702593419505,-0.12909237208013138,-0.7231314102634337,-0.08066119990528878,-0.14165079568269895,-0.8669386082817098,-0.1028316078071263,-0.14730596405121896,-0.9829652421714349,-0.1099103527325485,-0.0318117996532405,-0.45267820862788555,-0.05964431372878639,-0.0272105424736639,-0.5348743438064893,-0.11282833059550045,-0.02782507173073759,-0.4178197104411587,-0.12063268458110536,-0.02384598397962218,-0.3376469232926478,-0.10660159091468929,0.028546851695590496,-0.4000643125220553,-0.07846399292794988,0.02370975828224131,-0.46722754557069346,-0.1104680762341998,0.0161010125053557,-0.39923924608929406,-0.09983003854071539,0.017883623059653898,-0.34816952952880126,-0.08147804954995405,2.582342355993821,2.672503239282435,3.110419185768521,3.059043600935907,3.103756782856756,3.0390216276854263,0.6426286658038292,2.893397497643458,0.3411065960862197,2.8979049350691906,peace
0.0,0.0,0.0,-0.07871945796398151,-0.06821167730361036,-0.03757413922719156,-0.13019544082486845,-0.25584638786670116,-0.05212367237323785,-0.08226081791180807,-0.4069003789976623,-0.06827526413323291,-0.018333989703363203,-0.458707963996923,-0.08307218660265035,-0.1504424595634773,-0.43202299543596595,-0.029410111395412875,-0.22792846291101387,-0.6013479868106507,-0.06176102411082692,-0.2771538359377055,-0.7008249272471789,-0.08073665665655393,-0.31553826032597754,-0.7838724372464403,-0.09294840006515513,-0.0867085143331378,-0.47528351574564753,-0.03749279563545644,-0.10911639182277193,-0.7226734441003075,-0.0739037993992126,-0.11899086150927539,-0.8663570278826629,-0.09699624687001858,-0.1186425333561951,-0.9871888542148844,-0.10668699729923994,-0.023543680650005075,-0.45486453934094917,-0.05031932684631947,-0.013713766219698654,-0.5479043840494972,-0.10053623670812982,-0.023396349371526078,-0.4129944134878315,-0.10392957142580339,-0.02445969685967884,-0.3249921597107745,-0.08985716564289417,0.032254589109177785,-0.40134570510088147,-0.06684871746349878,0.02767749739109694,-0.45199001357093405,-0.1008961930001577,0.01545170590950549,-0.3549569218193599,-0.09143414413159943,0.01530537107445582,-0.2916604152544947,-0.07544761500503559,2.5679503233841285,2.55944669437842,3.1036842602836154,3.0856640869306977,3.110725849628547,3.032444030031403,0.519394288858712,2.946197913314338,0.5341260162284122,2.943604222911423,peace
0.0,0.0,0.0,-0.07861334086736715,-0.08479119709434171,-0.035892151759318036,-0.11396627961907972,-0.24688931210245185,-0.05702239255336981,-0.06734365440285656,-0.37989131328584147,-0.08206298125588019,-0.016759386877047408,-0.44275101759232416,-0.10566527598259916,-0.12688440330242137,-0.45241966181562737,-0.02922611092565353,-0.19648114202615896,-0.6212421542368084,-0.06641972374574964,-0.2414499645543861,-0.7280652059076201,-0.09017982689487936,-0.2749445249091724,-0.8189100967694143,-0.10450576714142401,-0.05992651237491136,-0.4916653860226424,-0.041440739055790994,-0.07129594153543702,-0.727041983422638,-0.07993368965866544,-0.08057462621135444,-0.8728179285025779,-0.10554032246031546,-0.08000561132760504,-0.9898730674470786,-0.11726215288407228,0.004980668722528894,-0.46766756851368235,-0.05876239528684437,0.022015620592842754,-0.5808627339104663,-0.11035994112281314,0.012357638519803203,-0.46386633997451504,-0.1152590701913497,0.013702170062086298,-0.3653839101206156,-0.10177706493370012,0.062446769544980324,-0.40706934067215916,-0.07959963761209775,0.07016080086671934,-0.4872650822147888,-0.11106009185629752,0.05834521230870836,-0.4138100208569236,-0.09969674184112381,0.05902456325067029,-0.34211758490781013,-0.0817610360392194,2.5936493986169475,2.7917839180897532,3.118403752106269,3.064399440822804,3.1158353698717463,3.038451274642901,0.4704346259858506,2.9374666577536384,0.2325489397002135,2.9464987167657597,peace
0.0,0.0,0.0,-0.06759973375199815,-0.10095339410169203,-0.030859140440100616,-0.08665730328781249,-0.28306684373661356,-0.04756666162179273,-0.031784028996431776,-0.4024440165121292,-0.06824132658545194,0.025967943369507574,-0.44285505188165447,-0.08767157170385637,-0.11163154916310429,-0.4514550721946216,-0.024623329225531503,-0.17413889543532005,-0.6189914013766614,-0.059923112020864054,-0.2137873144578812,-0.7315073163353718,-0.08118246483704565,-0.24489357017041963,-0.8250425269372397,-0.09360295509923816,-0.04915986056416605,-0.48216833039915025,-0.03827408726031613,-0.05441138948849823,-0.7220842558750034,-0.07729746941436264,-0.05171222849262087,-0.8715504000810705,-0.10321852537156197,-0.04341189913015722,-0.992543892175054,-0.11389481603614673,0.011041114101466503,-0.4509141022798007,-0.05622334659089603,0.0356154945511328,-0.5617597951726958,-0.11087661772082567,0.031960791158904676,-0.45083314409942166,-0.12051210668855765,0.03159921957695462,-0.36086841818285803,-0.10883336020047445,0.0629955927790777,-0.3877114313786737,-0.076713141433786,0.07537935008796197,-0.4516788691868263,-0.11200060620263737,0.06770462558467438,-0.3780827496272654,-0.10466807222590703,0.06782699938946332,-0.3108819100802198,-0.08870313813270318,2.6063915265382542,2.6115691319875642,3.107560383971261,3.0798803234567376,3.0973763242870413,3.040989810080787,0.5652249557471439,2.921569927460529,0.40839544419926743,2.9654508541004585,peace
0.0,0.0,0.0,-0.06943682402738117,-0.08829495753000673,-0.03844584041273888,-0.09478146341331348,-0.2668880561950367,-0.055327040313152366,-0.03950616339024891,-0.39957706691085354,-0.07476599135187885,0.016500209375280746,-0.4514336814475706,-0.0929502233984241,-0.1130946833629127,-0.45070018655951805,-0.028433769706406462,-0.1711303989058038,-0.6231447032527764,-0.06264480926104687,-0.20817164853790035,-0.7354828467424754,-0.08422761000978353,-0.23644196297688586,-0.8303126838633792,-0.09766190210249523,-0.04632318834000903,-0.47960496473410746,-0.03878154979116543,-0.04793260027665879,-0.7205935025911969,-0.07587855202437412,-0.04703709845088273,-0.8673944179288666,-0.10094385747042876,-0.04191682108724142,-0.9927529088303749,-0.11262611650398711,0.013862008401383165,-0.4430138881604864,-0.0544018715291895,0.045442496204396506,-0.5654490569503693,-0.11101648830433848,0.03763419087191489,-0.43968959714789146,-0.11931376427729527,0.03286159520631831,-0.34131629944080455,-0.10667275946656743,0.06314616591586315,-0.36994952049295615,-0.0729787333754674,0.08161800179936335,-0.4601219868740683,-0.11258427393896317,0.07078090721596098,-0.37850509234125923,-0.10555826107760218,0.0655215294914379,-0.30003504935572134,-0.08982051718170442,2.607565989941768,2.7074186101039035,3.1181469852129995,3.0801263805364196,3.114682924378604,3.054564526781204,0.5213763829331625,2.945537384640279,0.33014853133670785,3.005978595683569,peace
0.0,0.0,0.0,-0.07450125754948887,-0.10691020704132659,-0.03249344529133706,-0.09443128967031234,-0.2705361100334685,-0.05074448478999676,-0.046619706751608425,-0.39043264375331777,-0.07445858552244863,0.004441548445664689,-0.45264962361472133,-0.09730398046996519,-0.1031925478892649,-0.45612635262997475,-0.017726710019214487,-0.16139805470885024,-0.628647165507611,-0.0544200215177337,-0.1968884099926037,-0.746466672660369,-0.07823256243739025,-0.222166843901856,-0.8485871226489563,-0.09290088435051075,-0.034658638078294994,-0.48169667738342176,-0.031875246238407054,-0.03304588965396999,-0.7063476153896732,-0.07525699283156959,-0.030414613883901865,-0.8625761115473376,-0.10591421951714627,-0.024094799365992892,-0.9923354651920312,-0.12120134143493481,0.024728168157796198,-0.44799338086812657,-0.05188684253387709,0.040472828973860016,-0.5797562045871743,-0.11536506985550894,0.04266386467068382,-0.4698629417983759,-0.13022755069016792,0.04687972998363698,-0.3728810069111918,-0.12062969038662905,0.0744416431370745,-0.3839934630501828,-0.07389473826171267,0.0792132686173745,-0.4821106816207879,-0.11658816975790844,0.07326831062361022,-0.415002023291872,-0.11427794816138007,0.07262230467525825,-0.34238205374336733,-0.10121881188728044,2.6409179279477284,2.8258953415373522,3.102204694008006,3.0641979277782707,3.1218345528421314,3.0557674976289246,0.5965728116307087,2.905412581305076,0.3795253993120935,2.9713586760857833,peace
0.0,0.0,0.0,-0.07192983062431797,-0.07221883193052593,-0.04657013508878804,-0.10609747137064983,-0.2037629862441885,-0.07587216899031266,-0.08337652998393164,-0.3217600135579675,-0.1070399643850657,-0.060157363109650884,-0.4164991647490586,-0.13698584304129013,-0.10185318958562455,-0.4462350821526662,-0.04285651426257682,-0.15538350161941217,-0.6117556895986642,-0.0883680155845877,-0.19255547951630916,-0.726385220415263,-0.11899227728771747,-0.21879160913830573,-0.8263934772743872,-0.13889903723809985,-0.03285416241418076,-0.4731151172293489,-0.05458247258059705,-0.03175226689142338,-0.6999898834006243,-0.10309534108955759,-0.03231819887799192,-0.8539312920883391,-0.13718725426726505,-0.0273729883368636,-0.9872493428016761,-0.15681025045311464,0.028766521279519744,-0.43658205004540807,-0.07292024194220556,0.04537223387486876,-0.5817325745455845,-0.14115458802907654,0.0350184117543334,-0.47386765831666144,-0.159046351234195,0.03187852286293046,-0.38104093823683793,-0.1546342773441792,0.08306963085319136,-0.36382225983696337,-0.0942390830167725,0.09330260797242708,-0.46134195600055267,-0.14713897366425957,0.0812509898921861,-0.38858202704928213,-0.15183247003362227,0.07779282495832467,-0.3153431578632397,-0.1445135951996012,2.706823994800775,3.0700195437973625,3.11847422500189,3.055789625406007,3.1211285417582437,3.056248133703658,0.601284697734729,2.9193074825139482,0.5622749949863582,2.9361889571241746,peace
0.0,0.0,0.0,-0.07491865085785492,-0.07691070141632787,-0.039940874753775675,-0.10632638852271938,-0.2314009803370364,-0.06226941740503017,-0.06788795078377304,-0.35543078940018846,-0.08823936124988972,-0.024761436121284362,-0.4301551180259451,-0.11273880557081506,-0.11214275156009093,-0.45031834948689353,-0.03034717430185176,-0.16962505110691556,-0.6237296412005777,-0.07096385121463526,-0.2072556291948663,-0.740267571024832,-0.09613075631238181,-0.23362485887524498,-0.8402180532147678,-0.11183767690965718,-0.04101430418045312,-0.48309115483463344,-0.04296219271403725,-0.04228596132204314,-0.7109597306342882,-0.08873917841132825,-0.044148369371701794,-0.860528052450433,-0.11983581297609727,-0.040546968411779745,-0.9900132494213377,-0.13501744080976535,0.024533571012997225,-0.4510847405188034,-0.061271746826486964,0.03975807393128751,-0.5773194629496605,-0.12692241784382724,0.030610634379228965,-0.44550346067700014,-0.13733442913562263,0.027203131058035724,-0.34257367757899065,-0.12503552490986194,0.0816862445739829,-0.3809630040182006,-0.08230069763071779,0.08880172179083745,-0.4629812806071162,-0.12938554590004211,0.07825057655928087,-0.3780047204819163,-0.1258096116965936,0.07603108548589026,-0.3040707016478835,-0.11121699216904025,2.6441281062804087,2.908933888702114,3.1133468192532283,3.061471731200537,3.12139297523165,3.041894235095262,0.5578958819996719,2.938814413102969,0.4804087844994095,2.9578656824721343,peace
0.0,0.0,0.0,-0.07249107976276041,-0.07880661126338788,-0.044113704437891345,-0.10932729957050626,-0.2266681685215741,-0.06977521580881711,-0.075679275543784,-0.35357882532904417,-0.09834778479424383,-0.02903235761341566,-0.4302504150382396,-0.12485462555175961,-0.11422309093164074,-0.4403052561786127,-0.03696399127266314,-0.17047999528091948,-0.6192076936314793,-0.08108678910662434,-0.20845048921258455,-0.7367814612471486,-0.108201387151851,-0.23439008749232995,-0.8379350999591325,-0.12518051853076484,-0.04682612480868272,-0.4742682626479252,-0.04739507461866206,-0.049334177778597846,-0.6994452191103021,-0.09782548459046639,-0.04846133486539604,-0.854013681635913,-0.13105049253785772,-0.04193876671241009,-0.9881820061834938,-0.1474362998104857,0.016400872948917646,-0.4458071181744857,-0.06363474043895484,0.031543081117203706,-0.5682941058986707,-0.13429594667343295,0.028813092727007477,-0.42941257017421447,-0.14520657971961531,0.03075794415856518,-0.31795868231437757,-0.13155582079610068,0.07300761723554892,-0.38118385286459117,-0.08280193070185642,0.07810088754886513,-0.45437475305647107,-0.13503685291480122,0.0736959122026905,-0.3741880379984409,-0.13376911358979227,0.07637403601398633,-0.3030673637757316,-0.11933974470325612,2.644855035061769,2.852427028207771,3.114410011806505,3.055177248118659,3.1161530372015953,3.039265381803379,0.6069103012278434,2.9362457364334027,0.6041897796749472,2.9312117857880358,peace
0.0,0.0,0.0,-0.07717257978482414,-0.08270661458086445,-0.03804310599260136,-0.11662504042450526,-0.2397415976882785,-0.0570834932044879,-0.08293597075304376,-0.3698011515577806,-0.07940195072548653,-0.03355053798711304,-0.44121673842406384,-0.10116289993120409,-0.11513332123310252,-0.45784526953911875,-0.024704009113890268,-0.174473145682903,-0.6286603998622182,-0.06090446758504915,-0.2123159404762341,-0.744649807959944,-0.08361396242764958,-0.23952434217527419,-0.8423399594482437,-0.09789667818420086,-0.04825506429334051,-0.48967584486694166,-0.037307669306634796,-0.05082332488721013,-0.7213031855941717,-0.07799808301513457,-0.05098480609758016,-0.8716572139566123,-0.10721567225235265,-0.0471342928952684,-0.9914917108232265,-0.12133649822742669,0.013450369481157208,-0.45593739894252466,-0.05561475396461472,0.032580259844527906,-0.5864836218517208,-0.12047544765850109,0.02865561271876462,-0.4762605255709811,-0.1372410761125281,0.028411235038643907,-0.3799882375267055,-0.12971942980997098,0.06737257582146321,-0.3868010477302756,-0.07589643670469692,0.068788074768867,-0.4680764464156124,-0.12726491715094695,0.05728382509433984,-0.3756251849099118,-0.12796552097677397,0.053675185987491894,-0.2841563022059713,-0.11603094161033531,2.6443622139666347,2.7869817160664128,3.109866506473323,3.073301706202013,3.1146696274430736,3.0564896464691453,0.6175336991001259,2.9082694114617684,0.5807981170128492,2.9768236992448633,peace
0.0,0.0,0.0,-0.07501722080553172,-0.0808733285769647,-0.034062795794777355,-0.11826363925363388,-0.23979395179245366,-0.051120239299960936,-0.08245653706727242,-0.3662459127984014,-0.07259061362128175,-0.02580358509554568,-0.4234597031504994,-0.0924583454663277,-0.12419761863375896,-0.46330324083061625,-0.023445077413169663,-0.18337325799856813,-0.6387189429416531,-0.056504721031054694,-0.2195363446818077,-0.7517447668569798,-0.07582432035435585,-0.24672859491075438,-0.8488018235595476,-0.08747451163572545,-0.05577764253047007,-0.4915216597845576,-0.035604935999294554,-0.051679208212372714,-0.7199262783140881,-0.07346047951149527,-0.04980961127964515,-0.8688697034145213,-0.09778017124659064,-0.046047897053488135,-0.9931008312596861,-0.10784400830955748,0.007140446655558361,-0.45399839758085314,-0.05288322911856768,0.026356961910624102,-0.5604608251674016,-0.11223341823691946,0.02050953668789546,-0.419183819243257,-0.11906198842134191,0.01904408526439041,-0.3137082175828867,-0.1035068547763995,0.06132497716360482,-0.37853782413210585,-0.07250190578481217,0.06978205093128284,-0.4533955031051953,-0.11406898873610158,0.057472096176052194,-0.3587885531151345,-0.10647306439372686,0.05114523146705556,-0.27671486217979424,-0.08885084822829041,2.6013125057853808,2.640388879298152,3.111056792829116,3.076023478640373,3.1234163606347534,3.0554147782134415,0.5660474690272752,2.943296303094062,0.42644055619622423,2.9958400740167113,peace
0.0,0.0,0.0,-0.08086086478696987,-0.07944470850451894,-0.03223593586244816,-0.12874830270735274,-0.245396605910261,-0.0473457673711902,-0.09791806958990448,-0.3797587122222198,-0.0668058527257551,-0.04334720612008186,-0.43605632259092153,-0.08436324139974131,-0.12681445151019402,-0.46108447546896414,-0.021272136064332356,-0.18478443237905304,-0.6444224693096194,-0.053509555991682084,-0.2214595358801796,-0.7575966077835362,-0.07200366206816596,-0.249804254094308,-0.8522026543757469,-0.08311666575059244,-0.057632004560096324,-0.49166231256619497,-0.03301880623853786,-0.056194255712535515,-0.7223660995530541,-0.07087247168882303,-0.05627483284575046,-0.870856589869963,-0.09515483349656295,-0.05418088067802087,-0.993002768301994,-0.10492823411041705,0.00702758997137417,-0.45719597048143107,-0.049439048885697064,0.020092540144662357,-0.5636656174887277,-0.10806253811852308,0.014212384349706913,-0.420255173099867,-0.11347447921752292,0.013537221704075791,-0.3107902159934853,-0.09682927767294268,0.06422655827143135,-0.38692349397923115,-0.06806229068027143,0.06769650981698677,-0.4571329043918723,-0.11009136697821927,0.05785438164833169,-0.3620133102373987,-0.1024797902840103,0.05547432799289609,-0.2809147955722377,-0.08425778838073095,2.635368944792298,2.599835064205616,3.116962737441211,3.0860909423093195,3.1236382981236313,3.05439900075386,0.5439122294737737,2.9482640125697572,0.46346124368135394,2.978669114137369,peace
0.0,0.0,0.0,-0.08180100222770023,-0.07419254803866444,-0.031038066845627637,-0.13115540619921126,-0.23978968939671466,-0.04766401511869477,-0.09749081176393011,-0.36718900192518766,-0.06909084873261491,-0.042203541657598515,-0.4163467205316046,-0.0894791891327749,-0.1306813373838723,-0.46202741553345567,-0.02570039571399373,-0.1910708801505308,-0.6373651530923863,-0.05710533024282814,-0.22981413462315262,-0.7485722391477383,-0.07652293803499187,-0.2591639762966037,-0.844139400576411,-0.08955420299790047,-0.06244993873173722,-0.4901378539795031,-0.0393872839663696,-0.06298433650140911,-0.720007971277483,-0.07550958999426755,-0.06614933615937119,-0.8680630744615949,-0.10011391881972867,-0.06437761099728347,-0.9916076911574091,-0.112114718211994,0.0016722148223600412,-0.4538590048564607,-0.05716265085817487,0.012814129379692493,-0.5679090117974489,-0.11100863873017401,0.003785155360567476,-0.4311620845792235,-0.11476487024932944,0.003221306682006165,-0.3240304464335142,-0.09967408506422759,0.056880603199155215,-0.38157518708907884,-0.07751428709008376,0.05550147032913526,-0.46565052602528795,-0.11508522997080609,0.04457855636301576,-0.37832300236162913,-0.10560978925469554,0.04358981021038903,-0.2970515975351915,-0.08811644400693598,2.5940927521239185,2.5593433684432534,3.12030687982063,3.0842494869339823,3.1151008039360475,3.0618433821154922,0.4682056629670543,2.9618834714413733,0.3425678117177983,2.98499944486128,peace
0.0,0.0,0.0,-0.08617209515218638,-0.07706973415288725,-0.0294038594485412,-0.14766127212841829,-0.23267534238141754,-0.04659145781731226,-0.11757077967518473,-0.367910864695714,-0.06982230613787506,-0.05683710696128922,-0.41709022402578294,-0.09210224159924116,-0.1382620780950498,-0.45847606281651865,-0.021321124460001693,-0.20338911313364408,-0.6261086608854866,-0.050874156144436126,-0.24438656619391336,-0.7346447714983684,-0.07070998474270827,-0.2746710569953198,-0.8308861719567731,-0.08480815982206993,-0.07289863998912989,-0.49148962797440804,-0.03637545828053094,-0.0785717948927847,-0.7201638192637798,-0.07065435286345281,-0.08555716188545119,-0.871271479828172,-0.09529031948396922,-0.08451416140794146,-0.99056924680402,-0.10784212445806489,-0.008460065666076988,-0.4608398341336947,-0.055804320716636005,-0.009423054792769421,-0.5605604315722496,-0.1067673204411906,-0.024677342020224906,-0.4282571891034648,-0.11297808808009792,-0.025197221283476987,-0.3140498687575316,-0.10018823474854126,0.04860968369937143,-0.39532285722815136,-0.07810236247436816,0.03366675344649022,-0.4859857029132436,-0.11280915001319802,0.015671331804811107,-0.39779413164067196,-0.1042198034458967,0.01369490879377968,-0.3030732710428964,-0.08801869632238903,2.5482164365487407,2.4778872116996897,3.1177426033429616,3.0722169564450033,3.112016055332199,3.059838949124717,0.5332776569370119,2.947357399136957,0.4438171554835407,2.9452406924476846,peace
0.0,0.0,0.0,-0.09044895099829464,-0.06933397729877426,-0.0314979433932903,-0.15236548568549227,-0.22183165631147955,-0.04944656879161225,-0.12227132550671406,-0.3603257676294055,-0.07273899343382208,-0.06363569467935849,-0.42109033189374667,-0.09472999045302559,-0.15009439915006523,-0.450609541642523,-0.02508505729352568,-0.21618459537266688,-0.6172592794846853,-0.05850839226883801,-0.26013176254869413,-0.7283056841216594,-0.08022259738284439,-0.29327865728280966,-0.8242394293963512,-0.09598087951285478,-0.08298778887145575,-0.4826365441779982,-0.04033110240693041,-0.09659852766726645,-0.7131363058024466,-0.07964252155109024,-0.10659218798735776,-0.8635487062195893,-0.10574786611097162,-0.10714670148418973,-0.9870859574537338,-0.11908357132158696,-0.015292905351980456,-0.45102681725268856,-0.06000792798749127,-0.010008793998451301,-0.5651786009500643,-0.11634962220362678,-0.022360979884494096,-0.4181921678139666,-0.11907866419404181,-0.024146236540261486,-0.2996463141373795,-0.10343597846727379,0.04756230543657232,-0.3822053154553018,-0.08266515851853534,0.03512824247017155,-0.4539930182112495,-0.12318317322693971,0.020035049933471837,-0.36028036659432544,-0.11452139786597722,0.016986971894552946,-0.2771599963526218,-0.09750739230666153,2.544939175047399,2.5921841120930873,3.1204784137124086,3.0839883260272645,3.123605032916344,3.0503033692039145,0.47842550963649205,2.975338915455751,0.5222808789232698,2.9736013164989488,peace
0.0,0.0,0.0,-0.0884438498398333,-0.07091601141795269,-0.029603672976972254,-0.15298166037331537,-0.22579910301032205,-0.04745308189691126,-0.128770876723591,-0.36295485004726724,-0.07104857281316541,-0.06816042861948197,-0.4180446930059168,-0.09235337869546263,-0.14934182148934336,-0.44852678103121824,-0.02276085536184367,-0.21383587843982962,-0.6063981275368815,-0.05562896666524555,-0.2574784829598178,-0.7108717339364882,-0.07771553299474339,-0.29195005584865835,-0.8007558802941223,-0.09413273359111433,-0.0840392799644331,-0.4814673611996048,-0.03764867569442267,-0.09299626345486074,-0.709520602883743,-0.07887522617669862,-0.10441594861676674,-0.8610134933820027,-0.10719490019516037,-0.10735534748840644,-0.986704398497915,-0.12202155281142385,-0.018743754320178132,-0.4528221582913286,-0.05661278447531894,-0.010849995652695276,-0.5649977984743286,-0.11089585696675006,-0.019378245054350582,-0.416030752573445,-0.10879444125865327,-0.020047432507400178,-0.29596148128442856,-0.08891058241421318,0.043737510251034485,-0.3900512016297851,-0.07902664163738674,0.04009027280200779,-0.4884518617341602,-0.11547857440265342,0.036158445721308656,-0.4410967082943178,-0.10457843114845602,0.038285022928664696,-0.39413839857663263,-0.08575462403548255,2.5739525668682806,2.492304220379845,3.1187470393862204,3.0945002930642804,3.1023599694668906,3.054581976914788,0.4363533648666682,2.981447631808151,0.17776209728771256,2.9349220362777175,peace
0.0,0.0,0.0,-0.08934169966451228,-0.07041106025963634,-0.030711639843722157,-0.15390698052151103,-0.2222296231767802,-0.047952757317337794,-0.13034743093703802,-0.3654650262610994,-0.07096597506661877,-0.06923842687933296,-0.41752422069988,-0.09287511859937608,-0.15260087251745746,-0.4479545171760761,-0.021107769502523382,-0.21807682362826136,-0.6021073518177706,-0.053122729545586965,-0.26087142169725513,-0.7058805477028745,-0.0735121888960755,-0.2934121897745588,-0.7949832971070524,-0.08797319432317503,-0.08576831294629601,-0.4795996372872093,-0.03685063152784066,-0.09548639062876667,-0.710011868576307,-0.07580869714649766,-0.10678890414661672,-0.8619848733952615,-0.10171758069604875,-0.11013382424352879,-0.9873229786900888,-0.11429731627656967,-0.01881928270249432,-0.449078695688179,-0.05710608887639608,-0.011572147599736213,-0.5661101151672887,-0.11484733176846362,-0.02232900049099067,-0.4174512187744381,-0.11809787514236841,-0.02309162130580856,-0.30158284398139684,-0.10142277629179591,0.04304786744605233,-0.3812210407786756,-0.08014893968615223,0.03327072340709453,-0.4563817009160126,-0.12026797244046013,0.021112003418693688,-0.3611753001589058,-0.11109033753680556,0.02079659930299281,-0.2785395496945323,-0.09315807297567026,2.578672104536316,2.4470640898494223,3.1158182717117167,3.0843215705552933,3.1061510383862876,3.0557391383707055,0.4799446512649987,2.962864500967787,0.4621748235194331,2.968599056870822,peace
0.0,0.0,0.0,-0.10165680921585547,-0.05051459337274483,-0.03724128412198209,-0.18780437624168778,-0.18909770261937103,-0.05658064301432103,-0.2449915874572691,-0.31801029059829006,-0.07445198009238319,-0.30643930367968203,-0.40356182543668234,-0.09295384713688522,-0.1560470542856328,-0.44618851268508486,-0.026342812314672802,-0.21237108626364368,-0.6198906404338187,-0.05881729635081053,-0.245778459573069,-0.7285496738691565,-0.0869680384674419,-0.26905256445667786,-0.8313873682501808,-0.10818219365193153,-0.0962446292369713,-0.4967400335118434,-0.035531313556883555,-0.13168921517544196,-0.7184269355376486,-0.06246884095510067,-0.151153301141613,-0.8582290835103289,-0.0882882670723656,-0.16658811143213975,-0.980130648149864,-0.1076676074165325,-0.03386031161256223,-0.4997937608613364,-0.051057103681926765,-0.06422823811135141,-0.7050131099911024,-0.07976688742354253,-0.08626743700350963,-0.8385909624923316,-0.10053166542411777,-0.10632943037939478,-0.9585651592537253,-0.11606973915660575,0.03270805964904072,-0.46720542694210576,-0.07048484820104474,0.02497579697345151,-0.6302296063183209,-0.0952164741049698,0.020338949280987974,-0.7397911986589859,-0.10502806077134705,0.014511479692316816,-0.8425926147013991,-0.11244394279661812,3.001949079024428,2.9312133974596044,3.069361140456138,3.050283383432797,3.0741961279205636,3.104109415580329,3.1117003176537015,3.1050724190673304,3.075191417046725,3.102419112978419,palm
0.0,0.0,0.0,-0.0996870525691428,-0.04776091765151067,-0.03618194128643959,-0.18695992634512668,-0.18486700741140719,-0.055085965416118675,-0.24502609765505415,-0.31273002078075085,-0.07288004377175679,-0.3054186477136172,-0.39642125472789885,-0.09141098417447405,-0.15639586919234705,-0.4398527113027943,-0.026395102433020002,-0.2126722299879211,-0.6141861964412003,-0.05970011336092293,-0.24508089365855515,-0.722629217769774,-0.08814374542822567,-0.2663306396162306,-0.8252004147231887,-0.10928901847922623,-0.09848586649239738,-0.4896090686817963,-0.03610715330353628,-0.13752527918667912,-0.7115695817631587,-0.06388205332186282,-0.15722256784516594,-0.8543775561873563,-0.08985976158786431,-0.17064037870244833,-0.979257864466131,-0.10925152647683081,-0.03622448431443209,-0.49397890576099124,-0.052121438539210974,-0.07002453387396372,-0.6990125007608694,-0.081765941245739,-0.09126029243074552,-0.8321309555659905,-0.10235162813598683,-0.10803089770224254,-0.9521187738321771,-0.11751225832962033,0.03143574620847303,-0.4643006692648079,-0.07196563996958429,0.021052912945099544,-0.6278474169140345,-0.09767278846204933,0.018363726973283756,-0.7377056892330305,-0.10750046971495339,0.016245284637933562,-0.8408132381207134,-0.11467856592357183,2.999893144287886,2.936536587494927,3.068119721534837,3.0405964719507117,3.0723793720600434,3.09538006804433,3.1185272238094814,3.0991581160284785,3.060720708493233,3.1037867441308182,palm
0.0,0.0,0.0,-0.10104565315187679,-0.0486526068521224,-0.03518640622122012,-0.18860308125167,-0.18944156779374036,-0.053439628545783546,-0.24652285131372048,-0.3208556448022293,-0.07069505604229102,-0.3093021996120949,-0.3980296627348978,-0.08894562601515484,-0.15599768114184692,-0.44554635817565535,-0.024800382109532865,-0.21206884792050898,-0.6194054365483956,-0.056922771804605435,-0.24435542360797216,-0.7278871452073589,-0.08502502546536392,-0.2662118860496611,-0.8301515607429416,-0.10636681419667186,-0.09793852480172163,-0.49489792070019856,-0.034919655098966315,-0.1360473694303034,-0.7169957125422924,-0.06172212313155244,-0.15640210377646854,-0.8574330267740785,-0.08766019787850812,-0.17169757892155735,-0.9792817204496836,-0.10736504731793882,-0.03642724461404856,-0.4978974729187275,-0.05117463767496159,-0.06973680569298402,-0.7030779782173652,-0.07989298248033956,-0.09190934531711231,-0.8337932441450081,-0.10031764492685108,-0.11047519270026754,-0.950987173549946,-0.11583547480301033,0.029979906295214805,-0.4662676321638533,-0.07123492483457508,0.020777520110782075,-0.6284823172459311,-0.0961995503598761,0.01763771406472971,-0.7369442891549387,-0.10609839801206489,0.01446277226600911,-0.8389855275948696,-0.11374300879180496,2.9992168758510935,2.868336196190865,3.0651789446645474,3.0488313482008964,3.071493995896522,3.1031358002382685,3.114958919282356,3.104583228293293,3.069526855624704,3.105222942069225,palm
0.0,0.0,0.0,-0.10143690044744649,-0.049620990499872036,-0.03729164703527217,-0.18931216040287074,-0.188283014431894,-0.05713538023082372,-0.24936453207280027,-0.3169017709680509,-0.07567735467552654,-0.3128852946591109,-0.39455746535195296,-0.09514769619398211,-0.15675428407222808,-0.44053276425188287,-0.027094660268994448,-0.21426859216051972,-0.6126438940410418,-0.06076738580768603,-0.24761157539526682,-0.7207128139184898,-0.08976786284162999,-0.2704002986340313,-0.822656410503609,-0.11167832649990578,-0.09876493045294146,-0.49041770076128877,-0.03651375013220814,-0.13521955500572527,-0.7137008439929412,-0.06512862189946006,-0.15498127723661825,-0.8555464749889525,-0.09221938850885615,-0.17016440265535895,-0.9789733146989427,-0.11249588959739634,-0.03757471231217834,-0.4936220024527212,-0.05225559245031804,-0.07055049122329834,-0.6993224459901369,-0.08280817549345817,-0.09193026121095382,-0.8319036866238424,-0.10445301931203929,-0.1091560680914314,-0.9501709761914177,-0.12048674583427939,0.02795292788216142,-0.4623981777112308,-0.0718494930679192,0.02072942878890717,-0.6224166275182909,-0.09821201376838053,0.020475651073826345,-0.730599475258237,-0.10890658011608056,0.02078528280069132,-0.8317159312149988,-0.11692594517147845,3.0123065190446634,2.8868944523984346,3.066682613510956,3.04750430533789,3.0736260287783734,3.102620250506256,3.1169957566549256,3.1012180306072383,3.0602257537928406,3.1034921791323247,palm
0.0,0.0,0.0,-0.098481687031504,-0.05082575760126993,-0.037105016212290176,-0.18587682793485397,-0.18571121219400172,-0.05685114854313111,-0.2470260143066441,-0.30928653940842893,-0.07524376258521302,-0.3107892167122823,-0.38604358163363944,-0.09452802018769631,-0.15427720180805485,-0.4418429512593308,-0.027198542469726215,-0.21367343122623816,-0.6107009057831414,-0.06037789826687973,-0.24881366490251564,-0.7184206673938218,-0.08886581788902452,-0.27294930368792286,-0.8204830809603036,-0.11043649181124444,-0.09572589821259878,-0.4931245804645156,-0.03681673908255376,-0.1304802186582524,-0.7174710181694436,-0.06431772809210479,-0.1495110377762699,-0.8580495852400666,-0.09006212391882502,-0.16471727545812356,-0.9802567265539877,-0.1093845016961424,-0.03424847857510234,-0.4957740040015804,-0.05277347216808463,-0.06483613541641808,-0.700444078129643,-0.08265645009394547,-0.08528953663948019,-0.8326075095264969,-0.10344919404377861,-0.10247131311975848,-0.9514267381485616,-0.11889951863162757,0.030664182735364705,-0.4616715813772469,-0.07261439407926706,0.02518929755048443,-0.6206141500506714,-0.09838825897840996,0.025803503513541645,-0.7273108775311132,-0.10822117604232197,0.026256519673648695,-0.8278783948781181,-0.11560711161188011,3.0244692571161758,2.902086934568505,3.0707911297216484,3.044798286552668,3.0769155963223804,3.1052402319059884,3.118161216674401,3.103046539454527,3.0580395306978376,3.1040635361983,palm
0.0,0.0,0.0,-0.10064573290446334,-0.04929865028076532,-0.03692149047312258,-0.19001053857915157,-0.18464327130310873,-0.055896657123251016,-0.25194867905918555,-0.3099586408078952,-0.07353179411075092,-0.31668749616448655,-0.3855525647487583,-0.09197093539086787,-0.15906466085722265,-0.44255689315105357,-0.025523371701541116,-0.21913169812330777,-0.6121548466487531,-0.057733529765083884,-0.25411725152687253,-0.7200445681065959,-0.0856579787844938,-0.2781677487312797,-0.8213553932844292,-0.10683045195567802,-0.10021515876430681,-0.4945287332340553,-0.0347915489437067,-0.13596750579385122,-0.7196688781241508,-0.06123190413897546,-0.15492573272240254,-0.8593239942940031,-0.08629352220523755,-0.169881881778144,-0.9798420418507926,-0.10511764488032552,-0.038243886115575616,-0.4977222421377455,-0.050506557461388574,-0.06898088712180465,-0.7040172416315824,-0.07941388847115372,-0.08903319588190124,-0.8368230742142743,-0.1000676181195586,-0.1058968935371585,-0.9555290082226867,-0.11544741777259566,0.027428970041172337,-0.4647231783269404,-0.07011943732917816,0.022207916466119425,-0.6246170077190378,-0.09509836902660458,0.022188901482345365,-0.7317263945776074,-0.10487897622271826,0.021997023009716225,-0.8325473678438976,-0.11228905777830599,3.0156325301916387,2.887198956515716,3.06836336569693,3.047944197813081,3.074399498815045,3.1057536969399133,3.116438326429296,3.1040320885939243,3.065559905706499,3.1043111403942425,palm
0.0,0.0,0.0,-0.10147655509532516,-0.05262973392619319,-0.03460673423737029,-0.1883749855411841,-0.19202516197781122,-0.05223908570377736,-0.24912522936525494,-0.31937227200180274,-0.06917087808531419,-0.3141281017149897,-0.39185817250983845,-0.08718052430986362,-0.1545910588548159,-0.44570656192320157,-0.022574775291765672,-0.2134840074471636,-0.6176458380819522,-0.054109761321127686,-0.24804003395162946,-0.7267789773314349,-0.08138943189140367,-0.27132056599967685,-0.8289876810731677,-0.10204929916152357,-0.09674103849445051,-0.4949997940107837,-0.03264783537759948,-0.13352275056379637,-0.7190880872798479,-0.058585586259102845,-0.15180026686139197,-0.8605444746884352,-0.08300017157917977,-0.16449446216467498,-0.9811660365593948,-0.10126589070107703,-0.03466473422163712,-0.4978893059284563,-0.049080966389577416,-0.06819317606005963,-0.7032378217883585,-0.07773471390400925,-0.0883686625141788,-0.8347282012430435,-0.09749326428509635,-0.10391053680535747,-0.9515868259427869,-0.1120656984257326,0.03205922302445712,-0.46609787155482046,-0.06928162135810823,0.024907384289442166,-0.6279027224108954,-0.09404640819098806,0.025409813698631708,-0.7357342640667646,-0.10326997211048852,0.02686195193919336,-0.8367141797777828,-0.11016122353812996,3.0270806672635646,2.8505718171855765,3.071402611625932,3.0466584141298583,3.0736563826526275,3.101452722760585,3.116691784020868,3.0999989107506427,3.055437064396745,3.1033078794444755,palm
0.0,0.0,0.0,-0.09993903597878376,-0.04929831251054138,-0.0346261497539972,-0.18697155176012467,-0.18875550885052148,-0.051002133985152645,-0.2434964492276572,-0.3196802741320636,-0.06642380824533364,-0.3034683491999235,-0.40208478625467386,-0.08282428892712455,-0.15370379666763362,-0.44469537198864034,-0.02282179912024669,-0.21181249141483252,-0.615496516681296,-0.053460829214814945,-0.2465033623668766,-0.7240969076140755,-0.08039650447609353,-0.2703997341811359,-0.8262714985095039,-0.10115452633218765,-0.09500744203944007,-0.4948083087070454,-0.03263926044282776,-0.12999068616480003,-0.7188545123965707,-0.058136450950789086,-0.14811753155694882,-0.8596384594470512,-0.08311122653789468,-0.16134264673697354,-0.981609715116359,-0.10203390384126655,-0.03281411779218926,-0.49716069635164184,-0.04864321365022695,-0.06431772782795116,-0.704475710447201,-0.07729955402026603,-0.08411228028941749,-0.8367541037937414,-0.09825711656103849,-0.10009505574391644,-0.9555801262799516,-0.1139671578847864,0.03379568751904649,-0.46381864613289714,-0.06829686030606809,0.028825197895958242,-0.625531748764112,-0.09378831024085503,0.030400254572535913,-0.7335370503032714,-0.1040245852995052,0.032405203244357826,-0.8357263545472323,-0.1117589355623837,2.9901255314067847,2.914254814386503,3.071147335237788,3.050353128704901,3.0713356396943676,3.1027970787909114,3.11319496882904,3.101881588662117,3.060914015874664,3.1034079703266673,palm
0.0,0.0,0.0,-0.09883444015628985,-0.05079518534096308,-0.03449712146167071,-0.18333818720307674,-0.19103484221345748,-0.049796629273119675,-0.23846990385832906,-0.3216525517384807,-0.06405410091274566,-0.298101396114224,-0.4046664216276567,-0.07903502251832692,-0.1528595615109181,-0.4433111934802437,-0.02020723032226824,-0.21158105060408114,-0.6121896648818379,-0.04934142290827675,-0.24606826279976374,-0.7207924771223773,-0.07500703164267399,-0.2692515726904533,-0.8225699015829127,-0.09473224942188911,-0.09299201306574673,-0.49629292026598515,-0.029455500157822653,-0.12572445840098453,-0.7214842630120488,-0.05265143381218151,-0.14252886310039417,-0.863027544194477,-0.07596618739062287,-0.15456525314879277,-0.9835284038678612,-0.09370945152004159,-0.030454743387999895,-0.4994324238962199,-0.04508234070497795,-0.059584018895189134,-0.7056541543856522,-0.07213358270571993,-0.07850797808868788,-0.8372339275839972,-0.0923675099461946,-0.09448072523291079,-0.9547986472720106,-0.10764827096801285,0.036416581999336776,-0.464475429302878,-0.06440154111051859,0.03532818967444347,-0.6236697719919047,-0.08852629980451494,0.03758652365550386,-0.7295017272667085,-0.09801786833831466,0.03864113125744088,-0.8287733300881481,-0.1053021531364909,2.997415562742947,2.9134474766130634,3.0717656063642407,3.047483024631187,3.0730353192978987,3.1056676201113436,3.111461188821799,3.1051399125952615,3.0695115434612004,3.1028157739680116,palm
0.0,0.0,0.0,-0.10011250349103275,-0.05089036409586068,-0.03335014733810179,-0.18609279585240923,-0.19320275239291915,-0.047658452079539775,-0.24164704517641145,-0.3258779449715162,-0.06120966500676988,-0.3003601619704703,-0.40747735061999546,-0.07560272682341067,-0.15361534028380258,-0.44186508246697787,-0.01897639624059984,-0.21232802147214275,-0.6115249429854998,-0.04818376535092631,-0.24693921905281477,-0.7206204350064699,-0.0740489711379874,-0.27070572186280784,-0.822753495623661,-0.09400219056165963,-0.09425273536317223,-0.49487539439381195,-0.028665123888704715,-0.12724014002646233,-0.7194477844117478,-0.0524345647685192,-0.14583571255175504,-0.8613310284749405,-0.07660258261215816,-0.15995601712510038,-0.9825564699395938,-0.09485175783989841,-0.032398756135429405,-0.49817728574150616,-0.04455877707407014,-0.06164895413614458,-0.7040179038461046,-0.07168136784325821,-0.08229869802888805,-0.836381638335836,-0.09245210576192826,-0.10010437218428381,-0.9541996992679183,-0.10805100134642444,0.03349386891222403,-0.463423354687009,-0.06407492968486775,0.0324819568276998,-0.6221317970337722,-0.08819201795989616,0.033307574866529584,-0.7297828204915557,-0.0981326130614274,0.03319257495679459,-0.8307844678553944,-0.1057131780551513,2.9933717141200864,2.9092105117091336,3.0714321689879815,3.05196140739064,3.074063159616564,3.1066599617046404,3.1072482027056605,3.105401785706544,3.075822317240808,3.1034493434233497,palm
0.0,0.0,0.0,-0.0982398000526621,-0.051270600382998265,-0.03180314318995479,-0.18478139273875446,-0.19037690074688426,-0.046057681967759015,-0.24037095827509503,-0.3196674371989292,-0.060027739871597825,-0.298338110281593,-0.4025637553604112,-0.07493392980711688,-0.1519392286192292,-0.4463758558091548,-0.01775140633062221,-0.2103740882761849,-0.6154067361626623,-0.04695647595561053,-0.24540890418347058,-0.723548961041915,-0.07318521107526842,-0.2697706373137373,-0.8245023944954638,-0.09348786653475774,-0.0942407689966534,-0.49732390920291747,-0.028601395725032022,-0.12796028415260527,-0.7218121137303921,-0.052489537661790826,-0.14637696240251927,-0.8625339070930194,-0.0765883258630656,-0.16045377236387498,-0.982487201752942,-0.09472848212589276,-0.03296047005842132,-0.4998308338222238,-0.04561722823144574,-0.0642041249765684,-0.7059862629619709,-0.07281321419953338,-0.08399591017023972,-0.8362955369344728,-0.0927624624204654,-0.10042258091545941,-0.9530112407868275,-0.10772055182864204,0.032754632240808323,-0.46406847268089274,-0.06625210200922457,0.029952450836576154,-0.6235769588188892,-0.09037677417090353,0.032344553372855786,-0.7299154173217957,-0.09959698017991543,0.03497094521634794,-0.8303487401261854,-0.1065614530213246,2.989610379074159,2.931579808249591,3.0699044334290786,3.0538821785122066,3.0728412384213226,3.1067682995581394,3.112538984031697,3.1036391350853187,3.0621212460969627,3.103992849737956,palm
0.0,0.0,0.0,-0.10032808226002074,-0.04907927376298419,-0.03233397578921901,-0.18833151543828106,-0.18981256045335398,-0.04722630400203948,-0.24680852125520047,-0.31933176380879086,-0.06202976406359365,-0.308706610248252,-0.3933763113842427,-0.07810370803296557,-0.14883150711724252,-0.4459862569338954,-0.01831606049572605,-0.20829306631317115,-0.6150570653699734,-0.04777856646655044,-0.2434957186027415,-0.7224577552846527,-0.0742067174209915,-0.2675143735552317,-0.8225759622746278,-0.09462932349546468,-0.09140198819174906,-0.4966448275696747,-0.028743125193892546,-0.1278936874134766,-0.7198870012410706,-0.05372502033926213,-0.1477032095262699,-0.8614613877844558,-0.07821666678396184,-0.16184159371530163,-0.9820842923835043,-0.09652844760630376,-0.029878884099471613,-0.5002361073810031,-0.04544677899981454,-0.06410802907687724,-0.7040909803104386,-0.0733638098646027,-0.08593680127744366,-0.8342448964804804,-0.09406152295748536,-0.1028343766898458,-0.9488138297338141,-0.10933627127314592,0.03677918764565434,-0.46763422246137537,-0.06582303428804256,0.03144713490542223,-0.6278248652123773,-0.09017498795648006,0.032325878591499844,-0.7328377879013329,-0.10021247440980526,0.034305014015469225,-0.8308613117944256,-0.1077849620088606,3.004898973266241,2.863556481783352,3.067676048456422,3.0497616883183642,3.0749517413788183,3.1021614378845648,3.111903942258374,3.099881136493148,3.0675612382991484,3.1013955968462175,palm
0.0,0.0,0.0,-0.09998993941874364,-0.055646606807017725,-0.03650348257040238,-0.19268460559604095,-0.18817474442121498,-0.05641538707902377,-0.26136010690893885,-0.2996092343226618,-0.07553521565125212,-0.3283899224738666,-0.3693569714169077,-0.09588159964377514,-0.14531503242775515,-0.4506012310995884,-0.027612082369307983,-0.20657228424902482,-0.6204571990532292,-0.06143460691508499,-0.2444804453690886,-0.7291364353494098,-0.09014306481934518,-0.271101875527516,-0.8302983823524763,-0.11184621357205973,-0.08769231440055235,-0.49792498097465165,-0.03762326413597716,-0.12585931124718952,-0.7184878632860388,-0.06686588868944177,-0.14603561469370202,-0.8602194556236716,-0.09260012846797608,-0.15997145904467377,-0.9807977421271862,-0.11155680763329456,-0.02416190515478916,-0.49898609033336416,-0.054143263606633706,-0.055553935418487785,-0.701294319507629,-0.08610636940712389,-0.07517098972726825,-0.8319685901503339,-0.10700814122952354,-0.09116229425985199,-0.9478723883441063,-0.12184129130596699,0.04421728195528945,-0.46685927697482865,-0.07444087342493093,0.04137858018025696,-0.6274320020427133,-0.10159636271984404,0.04358307586506558,-0.7349798568372203,-0.11186923501889437,0.046140103467062356,-0.8354760484858795,-0.1192950058258239,3.075447504910625,2.920616099239166,3.0770139215661887,3.050145162376577,3.0820794424267315,3.0982850584695423,3.1200763702775274,3.098577867248473,3.05590804267267,3.1016861985942357,palm
0.0,0.0,0.0,-0.10074790198754906,-0.05200624468858612,-0.0370129405550709,-0.19563718994979026,-0.18339386091754098,-0.05736742375090658,-0.2664436968165826,-0.29458036210586797,-0.07675778284420805,-0.3342322442953628,-0.3589588451003799,-0.09752179505218424,-0.14781780801807787,-0.44434547041480466,-0.02908753173849195,-0.21138911840154198,-0.6098940441680385,-0.06306198092400835,-0.2509943490951516,-0.7158218608482354,-0.09196041173167607,-0.279989779771308,-0.8147752062277149,-0.11392787085190399,-0.08922672648506148,-0.49392511065854644,-0.039299456534540755,-0.12711326375082604,-0.7166961767337349,-0.06933846010054327,-0.14951063239212992,-0.8580860335454138,-0.0961278363652643,-0.16682967324304054,-0.9791711537695299,-0.11572256370850129,-0.02595523552842337,-0.49541476122808914,-0.055836585251439544,-0.054801991811151286,-0.6985981576337755,-0.08864869143470315,-0.07454109717757657,-0.8312010380639514,-0.11090239962839794,-0.09116690551953904,-0.9495621323904847,-0.12644350619161865,0.04097774386226926,-0.46201839410833345,-0.07605964084664502,0.041340782605949034,-0.6222463720224495,-0.10427966752679614,0.045405712013764574,-0.731519580552432,-0.11533381032602653,0.04893712852003951,-0.8334411091911365,-0.12307704123621505,3.075701904379428,2.889056493538542,3.075671287355585,3.0543965043493766,3.0843611344488737,3.102069897784719,3.1192191714527078,3.096536927198674,3.0563042693238365,3.1005210437708146,palm
0.0,0.0,0.0,-0.10178790405197856,-0.056725230843120054,-0.03594956898677577,-0.19619798567104946,-0.18813418167657922,-0.05713488908547779,-0.26600274346924613,-0.29781747943489834,-0.07750851877931181,-0.3317878670886102,-0.3633640702065064,-0.09961043637050097,-0.14342676706690458,-0.4491457378220241,-0.03006376779255452,-0.2056976325531079,-0.6113249904721658,-0.06563886458195071,-0.24472221620738674,-0.7153595748765638,-0.09606599867816355,-0.27391744628620845,-0.8120463893736082,-0.11868176727241211,-0.08292609696273993,-0.49686247006303624,-0.041048698594391156,-0.11701001637965641,-0.7196732737438503,-0.07170229734422144,-0.13821330719902875,-0.8606082218622089,-0.09868584937054087,-0.15458598119345449,-0.9808495380547116,-0.11847935734260025,-0.019375022924185463,-0.49731732302226916,-0.058230209274093475,-0.046919251454205085,-0.7032216937221846,-0.09140365603389392,-0.06732433558035598,-0.8332071420770994,-0.11277788874001596,-0.0838108317005521,-0.9473636929325797,-0.1276320028109381,0.046566170574264286,-0.4624092094624975,-0.07899943074225878,0.04879542917273918,-0.6254316750035505,-0.1069707826064831,0.05477544621417067,-0.7351135209490409,-0.11692785034171525,0.06010127639498818,-0.8350340307500991,-0.12377902767101054,3.076119303678139,2.909665763895106,3.0715895715521566,3.0564140999784724,3.086239644588969,3.102842901118509,3.1110371327203366,3.0968836688408476,3.0488270148468852,3.102107370863758,palm
0.0,0.0,0.0,-0.10666115746882564,-0.05573369944225775,-0.04487518142241053,-0.19750206279166574,-0.17111426340146146,-0.07295284660110442,-0.27006724147952116,-0.26908484256753457,-0.09855884477414223,-0.33531543778900125,-0.34822389361595585,-0.1241789069577558,-0.1540726221870079,-0.45330472867504784,-0.03535839034304151,-0.22580327712219966,-0.6125623916757688,-0.07458434651231582,-0.270333715503998,-0.7190446052649289,-0.1081131484393035,-0.3018134989157353,-0.8160338311009501,-0.13227027345644898,-0.09042536118825797,-0.5067550265409732,-0.0423027277867008,-0.13056928461668701,-0.7217824615606957,-0.07569212656870179,-0.1562410097505337,-0.8599457330840048,-0.10444472422173706,-0.17666092619570045,-0.9763651573796638,-0.12450701430305647,-0.023603862804890918,-0.5087135508733386,-0.05653863389961507,-0.049738631366920444,-0.7156312283549825,-0.09081004639232744,-0.07001380939856809,-0.8479288599095738,-0.11210776621380816,-0.08984207583759543,-0.9641319981136172,-0.1261368524858361,0.04685252648971127,-0.47041029975636023,-0.07511312156908403,0.05052341529326643,-0.6334741050523199,-0.10312505978696902,0.0479742865366961,-0.7441216930156802,-0.11281895797595323,0.04107240018635948,-0.8445233995485609,-0.11845186260869126,3.0987562714922348,3.0712841633336145,3.0702410250443606,3.04245636306835,3.087456882674988,3.097290982048127,3.1077585603134734,3.0905068804234017,3.043807860029335,3.0769577883617165,palm
0.0,0.0,0.0,-0.11495016130983335,-0.047608410146329536,-0.03304022352020761,-0.21789575335564412,-0.17539949871802818,-0.05131406880006797,-0.2936997997511464,-0.278201210707218,-0.06923310326737056,-0.36080675278544055,-0.34403678189149334,-0.08733750467878605,-0.17497021241412228,-0.44807736295717104,-0.021149968469115772,-0.25023331098938395,-0.6083687201468864,-0.05335199721324807,-0.29441316825273645,-0.7118929218682496,-0.08184200003148343,-0.32699258561355693,-0.8071357818030579,-0.10280895070589792,-0.11543417499723925,-0.5054997758613001,-0.031651219631953297,-0.16397192084671258,-0.7216538155253945,-0.05802631986177833,-0.1930989524317415,-0.8587392909448873,-0.08207732226366007,-0.21597470450149633,-0.9713643475973934,-0.0990264168400608,-0.04692578901880267,-0.5150407301680888,-0.04850826057933685,-0.08407273615253837,-0.7164963480970089,-0.07698225986750135,-0.11079499942925818,-0.8437398686004629,-0.0952827677364585,-0.1343808834349122,-0.9551342211490195,-0.10757244901452138,0.02786329979937032,-0.48731689692667013,-0.06899075161908406,0.02289487723065538,-0.653897048370349,-0.0927717444476847,0.01752379646667298,-0.7658720702271704,-0.10007368490556533,0.010716416119060235,-0.8692675449040107,-0.10431817416025045,3.085183047226738,2.9732480142605757,3.0614636159919955,3.0521798983371404,3.0853608359715636,3.1045848259373203,3.1092241516655412,3.0985023793891515,3.058831223963176,3.0975193488736994,palm
0.0,0.0,0.0,-0.11075071094518722,-0.04208309375805548,-0.03482419241604129,-0.21676508301210248,-0.1666454479687943,-0.050412485241345145,-0.28902736535318885,-0.2717614420122693,-0.06490631224815388,-0.35199180268960567,-0.34129262921824305,-0.07888608159906241,-0.18877526747191722,-0.45046177397520476,-0.018231420886873125,-0.25771817778030215,-0.6163971530634474,-0.04761576476630027,-0.2982560267462346,-0.719886323306093,-0.07474194722966417,-0.3303520337688181,-0.8140672710023255,-0.09585411904555789,-0.12960540710054308,-0.5033292235264347,-0.02772222443437263,-0.18067718159882418,-0.7183596716095939,-0.0514895110244101,-0.2060545951375889,-0.8556864021649286,-0.07537805360458592,-0.2234574443765139,-0.9702411307554947,-0.09326799420495857,-0.06281396298113498,-0.5090344212324887,-0.043900915607856146,-0.09913478255354682,-0.7141407684932585,-0.0708217362490601,-0.12096120309319444,-0.8469684023051812,-0.09009066477487225,-0.1389080084785118,-0.9628291877639333,-0.10425020792075093,0.010733981475960839,-0.4789059672979819,-0.06398603508931555,-0.0010200258738787863,-0.6372329507641564,-0.08677604010718713,-0.00714075764724837,-0.7420645713373526,-0.09385769441122405,-0.01315511961774632,-0.8381239982216961,-0.09906591416549744,3.035059694492697,3.0011815672888726,3.0583218748600087,3.079648003469428,3.059451690537348,3.097291048736755,3.1142669408860852,3.105613197200813,3.060363402145209,3.1049038669939057,palm
0.0,0.0,0.0,-0.10331826301400288,-0.04850816865034658,-0.03804053550442091,-0.19933203423498733,-0.1629431076256936,-0.05839398657672031,-0.2698673167322391,-0.2616760441498024,-0.07794579625955383,-0.3354296997283404,-0.33155583019522467,-0.09706439506408353,-0.17664012103901042,-0.44933022303750153,-0.022530123538356137,-0.24975602723122697,-0.6161815493553587,-0.05863412208432935,-0.2900319905512715,-0.7229212032927702,-0.09033483126572175,-0.3194271421354336,-0.8232223936096568,-0.11274234415889477,-0.11960992602889563,-0.5076540216895075,-0.03123824138706742,-0.16150530907654959,-0.7253263600335988,-0.05758781449739565,-0.1878008784211326,-0.8593322333016867,-0.08313635672088951,-0.2089747019086912,-0.9726168690330453,-0.10171528908934757,-0.05760439845219778,-0.5184375108080875,-0.04704467109612185,-0.081682872701739,-0.7217535465673878,-0.07338316794442118,-0.10073463376762146,-0.8451236321008012,-0.08895188402993225,-0.11968234550588815,-0.950738673102762,-0.10003564204718889,0.008587862247943221,-0.490482733959998,-0.06759135407825234,0.009900572609554702,-0.6440949640910949,-0.08809396011215152,0.00963980524378321,-0.7441119866776086,-0.09170031767899527,0.007541787233440572,-0.8334662431274458,-0.09366226292698487,3.057161440089593,3.0018851966709086,3.0478827465997544,3.0421223509834996,3.072138846886588,3.1039145730622164,3.1005102245673077,3.0982443584003927,3.040580772593233,3.097756734776755,palm
0.0,0.0,0.0,-0.10187236932997377,-0.058215759130809466,-0.03125030912290568,-0.19440895823981913,-0.18634660355448676,-0.0450764485254255,-0.26041140952542136,-0.2823176406774313,-0.05936726469185087,-0.3204776836212015,-0.34885234027595746,-0.07363074162556472,-0.16368680565338933,-0.4615938100567577,-0.008896052115197563,-0.22974585363831584,-0.6302518332552713,-0.03891268784192755,-0.27100498823351754,-0.7372953388195247,-0.06760832750294914,-0.30456373360100547,-0.8323621662374691,-0.08881699025700657,-0.10973931053604723,-0.5154477516748437,-0.019492307441526874,-0.15229439691552726,-0.7313983006406781,-0.0419501584290917,-0.18095921724517708,-0.8637543280081879,-0.06672173387258304,-0.20578179747219347,-0.9749088376029603,-0.08489175574081181,-0.04964361178813088,-0.5231134367075737,-0.03684312244440822,-0.08022131608225544,-0.7281617296934999,-0.06045195556908999,-0.10045759263467631,-0.8551017908264194,-0.07681601741436125,-0.12103133756590383,-0.9655461315143101,-0.08901404919378626,0.015161439179678044,-0.4922958299864627,-0.058427519263868445,0.014267295803040146,-0.6439292281374939,-0.07702570325778434,0.01434571461280039,-0.744098064975369,-0.08111748095310076,0.013680069850598534,-0.8356930650168544,-0.08400839143082071,3.0932591461757655,3.002400950391864,3.0574318441698614,3.0857835396147935,3.0580045241320843,3.1061166719873587,3.1153762942596543,3.099477226634941,3.0557624957168943,3.1046521605873068,palm
0.0,0.0,0.0,-0.102302398315791,-0.06275360426755136,-0.030157842584694602,-0.19806485585466696,-0.1984042045565111,-0.04126710030345157,-0.2689588214744269,-0.3011212351748084,-0.052957723909986036,-0.3333493431198742,-0.3583732684806616,-0.06435320198871061,-0.1651278511908184,-0.45677086672978773,-0.004127465338539779,-0.23148862767793008,-0.628184039827601,-0.03015452164401663,-0.2696670025696292,-0.7394124110622063,-0.05498257188554315,-0.29798551577004123,-0.8381381942853218,-0.07364080186595766,-0.11462157200361445,-0.5114374951642312,-0.012916120155724535,-0.15674546594370542,-0.7299796335237251,-0.031942822481383346,-0.1806711953579513,-0.8648475563027589,-0.05246867122776147,-0.1990508420237957,-0.9776482956683046,-0.06769469895403299,-0.056716174368820545,-0.5214990195804861,-0.028775184028604916,-0.08824998431614452,-0.7232245047361722,-0.04870412891021527,-0.10728957904786968,-0.8459641106362854,-0.06346695585610557,-0.12430911153673191,-0.9516602822199499,-0.07495290217333976,0.007020410448821682,-0.49519291145062627,-0.0490311375779442,0.006696519216315036,-0.6431941728649488,-0.06340813607044087,0.00934819083127333,-0.7414249592574746,-0.06679049066955893,0.011844429004560295,-0.8307422245814857,-0.07003772659139536,3.104562076845454,2.8980603114168586,3.0608854169778517,3.076351628016323,3.073643754265378,3.1072243527558325,3.111731145174641,3.1096692583769676,3.06721464234454,3.1053214115575205,palm
0.0,0.0,0.0,-0.0958756867298545,-0.0700098200771591,-0.0368259306544485,-0.1816716748666581,-0.21053837219778218,-0.053363122177614616,-0.25022848529932207,-0.3268418971354238,-0.06939318124098146,-0.31781222392268155,-0.3978912000253821,-0.08476566110310087,-0.14205858705426863,-0.4667752603597159,-0.011933690506095591,-0.20716245561408653,-0.6352259818243949,-0.04268691238490997,-0.24764376330585694,-0.7412893029575157,-0.0714938236763059,-0.28019648648537543,-0.842528861568981,-0.09399452250248573,-0.09151895277705147,-0.5158659012086321,-0.02017539980697994,-0.13092649638208048,-0.7303394480951332,-0.044504344342790755,-0.15196831364053504,-0.8643635946531778,-0.06883862515692639,-0.1698433444299705,-0.9816071293346692,-0.08718189027654945,-0.036157564086275774,-0.5196797287937732,-0.03589462121822443,-0.06942345251282582,-0.7220554284497067,-0.06263639952149387,-0.08623949315366235,-0.8493334792920657,-0.07817000316409521,-0.10325519711386089,-0.963744828516206,-0.08951722138094619,0.02519214638614125,-0.48983544141012636,-0.05646321973532199,0.019284722673551774,-0.6379932982183973,-0.07765265535082912,0.019674295644375936,-0.738939888202135,-0.08263843812979563,0.019489549699449014,-0.8328306317962199,-0.0865344636753908,3.1087536536829,2.911075071346867,3.058356009397408,3.0693214046027517,3.0677773830331403,3.105586274084607,3.102876929332433,3.1023016446023752,3.0356314979934327,3.1053331639281296,palm
0.0,0.0,0.0,-0.09641844616610129,-0.05678091447460999,-0.037347794927169345,-0.18447057563981048,-0.19947359470557097,-0.05274047964540719,-0.24943555376251844,-0.3274198131805712,-0.06722593693116886,-0.3180786646118251,-0.3927280369228354,-0.08165388983804424,-0.1475585358605164,-0.45997175077178637,-0.011483848255218946,-0.2089673605132939,-0.6239455878311656,-0.040471045965850404,-0.24617933754930138,-0.7312279189203823,-0.06854906110407155,-0.27321964762697115,-0.8346311807962237,-0.09088284827180605,-0.09731840110438314,-0.5134167759623626,-0.018677835975382747,-0.13728078130923135,-0.725166251387868,-0.04254828595476337,-0.15919023152718983,-0.8605767556789249,-0.06715703278900534,-0.1762919523810944,-0.9805902063864219,-0.08581372072516356,-0.041397783992823685,-0.5167494439632097,-0.033364286791477585,-0.07316550610709334,-0.7161986285006329,-0.06003954047801474,-0.08908408543857327,-0.8428842514885869,-0.0788938317676524,-0.10386934576091557,-0.9577438996416766,-0.09290711157431174,0.02112288444784705,-0.4834289201848285,-0.05273393417693208,0.016509004747559217,-0.63308537040871,-0.07463225754588332,0.017357848659279404,-0.7319624430710114,-0.08305404741915234,0.017965454252354206,-0.8259887643426994,-0.0898256589219798,3.0556282956477006,2.7989616903999806,3.056353255203631,3.05201743566848,3.067003966277331,3.1011394050718075,3.099912669186903,3.1033733965103596,3.0645881108434914,3.1040683039735644,palm
0.0,0.0,0.0,-0.09708472655050798,-0.05386294341142207,-0.03814866260480939,-0.1898581529093828,-0.19828043489830424,-0.05277689898180545,-0.2574712153174255,-0.32351693717516683,-0.06627650771953686,-0.3269506588630235,-0.3869434313616563,-0.0796700700332534,-0.15259002213479106,-0.4591510993518997,-0.011502687721167791,-0.21629788175609213,-0.6255733652769758,-0.04000235319846176,-0.25449359878283345,-0.7335399503139718,-0.06743249681810799,-0.28219171226317163,-0.8373782376523033,-0.08931308714409751,-0.10136958586369106,-0.5121833105985384,-0.018232338105236598,-0.14136500703015686,-0.7226257592315529,-0.0410351102001531,-0.16269187470700058,-0.8593679235457296,-0.06517538973064338,-0.17804425345752797,-0.9804443344045956,-0.08384003187428551,-0.044806942542255895,-0.5146803929073848,-0.032652076390181056,-0.07558728646757573,-0.7124608221721717,-0.05839497492564397,-0.09178088751401077,-0.838760563903667,-0.07686759737456343,-0.10604545403699792,-0.9535384413747765,-0.09117520217524519,0.01732825961296846,-0.4805101559242479,-0.051849883040722966,0.012327484775663113,-0.6250984353678581,-0.07354369873755191,0.012174587522016767,-0.7232823264795888,-0.0820061449956408,0.012248018439886394,-0.8183815442390896,-0.08916561458154623,3.062301149999956,2.8036203724618023,3.0577718691731968,3.051748549410339,3.0647929945008543,3.097955203742831,3.103945530512387,3.106518707545762,3.065230838919121,3.104728143391462,palm
0.0,0.0,0.0,-0.1003106405375188,-0.07211403210293359,-0.020503676921562086,-0.19034373321981493,-0.21710998045066954,-0.02778214887266668,-0.24880518860184891,-0.32537685322325804,-0.037587235325074124,-0.30592824580924927,-0.37880193829950565,-0.04840014066237752,-0.15951595239596544,-0.4721022929074716,0.002882674232365262,-0.20835318358827434,-0.6443031364024547,-0.022710179542446113,-0.23845155313934852,-0.7543491290824331,-0.04819622283565954,-0.26013680725714106,-0.8522527124197934,-0.06806210087367309,-0.10497329483237149,-0.5161163993249173,-0.012297638085936142,-0.1358597146016794,-0.7329270351101125,-0.03329250465751841,-0.15317665332645683,-0.8685364615299572,-0.05656952903973401,-0.1652173741563411,-0.9834746585229853,-0.07403252879633923,-0.04497735836296367,-0.515430466684872,-0.03377564800237979,-0.06551486238977147,-0.7202361370947309,-0.05740083888853878,-0.0776631356269356,-0.8440461204919799,-0.07492244630457968,-0.08821213889308524,-0.9527032640509577,-0.08818207951886249,0.01944824985946331,-0.4775452027314666,-0.058514084965884866,0.02358730127791786,-0.6291393911505464,-0.07835588170526048,0.027696604158188632,-0.7271791312588247,-0.08472636846999843,0.030555324260195183,-0.8189874107485106,-0.08986276465988233,3.0670286143474317,2.812937667046904,3.059890592230318,3.07956902862412,3.06463377639128,3.1021197281566857,3.1083604814721673,3.106991964091892,3.0692377417215115,3.1032778132505796,palm
0.0,0.0,0.0,-0.11382785503077904,-0.04969656757771239,-0.03365853409180576,-0.2154895003766613,-0.1723209886646919,-0.04998750200692813,-0.2828286310863171,-0.28118059514697735,-0.06580557644581427,-0.34062915566733803,-0.3624088364843047,-0.08143148600004366,-0.17967270326304413,-0.463089836502083,-0.016446198876750216,-0.24018403070356847,-0.6345303351311742,-0.045344798573239455,-0.27720901389949176,-0.7469900717402553,-0.07265017404753013,-0.30697611521729906,-0.8476519603464082,-0.09389270115912862,-0.1165104937047292,-0.5152781441797275,-0.02554361586768481,-0.15156771997735327,-0.7313291320821513,-0.04854438835836068,-0.17404259635404842,-0.864949009273439,-0.07167818633258732,-0.19326853275441847,-0.9771060168115284,-0.08894439924842645,-0.04564221811145798,-0.5187603727032248,-0.04153189233543353,-0.07532683860014493,-0.7286244362526786,-0.06679972908739787,-0.09812244182456929,-0.8579060948524031,-0.08466035360560611,-0.12077894845911825,-0.9692659912766637,-0.09780976818266382,0.0329857216862153,-0.4834978783741576,-0.0616445515344062,0.03681015943366741,-0.6469518905187658,-0.08512466750646859,0.030283540516166954,-0.754308305444557,-0.09514626786311865,0.019815516264273723,-0.8526110842735618,-0.10172636819802018,3.0006780234932187,3.0639627869780846,3.065971849492873,3.0914787485338344,3.0740357311233475,3.1086250504562236,3.098886017923867,3.0986709851625016,3.041105496868225,3.079712561460008,palm
0.0,0.0,0.0,-0.11291020556017371,-0.04353053174061608,-0.0304386276964537,-0.22274652271501605,-0.18042048325090765,-0.042060606405806715,-0.2971369475649698,-0.2922553876975884,-0.053097963701888004,-0.36305602076457183,-0.3473422125156122,-0.06451641249984151,-0.18027765524290798,-0.4607274109184702,-0.010520436592915135,-0.24604270386704907,-0.6272915677530972,-0.03469632657769973,-0.28374800606732925,-0.7315615401037115,-0.057930713532992846,-0.3112730446220457,-0.8227796881192856,-0.07638090275971203,-0.12009868896178878,-0.5111489275214257,-0.01985589993456693,-0.15848870432604723,-0.7313945246390808,-0.038816181179491566,-0.17770775591907087,-0.867380138008269,-0.05976361315826487,-0.1903842799255533,-0.9787582081479559,-0.07606704897806303,-0.05522721254849983,-0.5161785548161957,-0.0359505574519681,-0.08263124204719245,-0.7213725919410785,-0.06013348117785017,-0.09847811719405727,-0.8493147635009672,-0.08032921796326546,-0.11154824361052469,-0.9596375930438626,-0.09580075689513821,0.014412135508717486,-0.4847827336989517,-0.05544576637044649,0.018898944600220385,-0.6409528872860939,-0.07809075677382103,0.0222058077361884,-0.7417064197251829,-0.08826903769389682,0.023988358694318836,-0.8338222310051046,-0.09614597542025247,3.048563120490658,2.8495568576719195,3.060213307807852,3.077709370243137,3.065123102122444,3.1028393336015276,3.096378810516671,3.1082866857950116,3.090435481904562,3.1009455619823676,palm
0.0,0.0,0.0,-0.11834096574450562,-0.04456604082321626,-0.03366754144115748,-0.22233498766250645,-0.16423799932832853,-0.052942740022032454,-0.29530194293146544,-0.26793001804294814,-0.07183877282856259,-0.36628473572087694,-0.32192380480940186,-0.09117471336246694,-0.1800465125259195,-0.44908356509251024,-0.019137816339136866,-0.24747507017805304,-0.6148916370785693,-0.05096601743511691,-0.2840583077696058,-0.7189462173038452,-0.07963324957876305,-0.3085919472127717,-0.8154573824417221,-0.10113095595329209,-0.11500015384872488,-0.5010006677525619,-0.030563587776789886,-0.15858006176294115,-0.7206207799166137,-0.05562477876378353,-0.18097416546008344,-0.8577931575579558,-0.08009546354653888,-0.19548665921535205,-0.9757308193093366,-0.09866273014037057,-0.04559933037859138,-0.5041630297251297,-0.04887787562531176,-0.07274894536276874,-0.7127944249509637,-0.07711543045384821,-0.08619231624474798,-0.844599473235203,-0.0954349992375977,-0.09797545784112449,-0.95948671629918,-0.10881730118752159,0.02871094431233678,-0.4700568777343528,-0.07093516852988385,0.028972240866567443,-0.634017168848846,-0.09407096815787411,0.02609339210533712,-0.736992377871909,-0.10036885294789197,0.019418934977358478,-0.8303431877030212,-0.1051037869521148,3.0341226684615883,2.830813733142123,3.047251091114774,3.04035700020795,3.0678052136957934,3.090974095968103,3.1072455636342986,3.106527736358412,3.0532828175010827,3.0851570021471155,palm
0.0,0.0,0.0,-0.12072525274386793,-0.05318079423782853,-0.03201700869860489,-0.22630596394200533,-0.18252706902145696,-0.04818841687651838,-0.2977894606213328,-0.2798173048433274,-0.06435226725755304,-0.3635345930704432,-0.3403318714525143,-0.08099032037400532,-0.17672524781744584,-0.46042590555705776,-0.016343836916496275,-0.2483380826433603,-0.6330898357517135,-0.047599323151047514,-0.2913537826790867,-0.7423698033221622,-0.07577557421504873,-0.3247054847057723,-0.8354888482666171,-0.09678401250165491,-0.11084578622380958,-0.5135540091166461,-0.02789734987490805,-0.1529874912204713,-0.7334482519065119,-0.05375837948878057,-0.17865761961943066,-0.8674981144476909,-0.07897309269456358,-0.1990618173930712,-0.9751289849991701,-0.09745694162375412,-0.043435942062178254,-0.5180582421565246,-0.04639356489274175,-0.06940253573870579,-0.7287299763550268,-0.07626014663993395,-0.08757604263355885,-0.8611047173879839,-0.09782272829769452,-0.10638768426488024,-0.9745490310386749,-0.1130771965730284,0.02548902647374935,-0.4813200054283825,-0.0683145269400013,0.033446673587465024,-0.643078106026839,-0.09439117657732882,0.032482555385618714,-0.7501375073143189,-0.10476599964281884,0.02659645761641145,-0.8488894638325399,-0.11205363202073175,3.0748651915102574,2.941641594272255,3.066183648410678,3.0911891937335403,3.0712578184220174,3.1101827786790825,3.1101433500144524,3.093840321646233,3.0524443106277404,3.077264839627705,palm
0.0,0.0,0.0,-0.11438458564558276,-0.04786312834647264,-0.04120685878091771,-0.21594681530224027,-0.1622656668862527,-0.06475587313821744,-0.29074284702686426,-0.2586256892410206,-0.08707304378273294,-0.35994583979258893,-0.3240391964982394,-0.1091005325463995,-0.17572592055233172,-0.457580517635366,-0.02476248857727365,-0.2468964650321095,-0.626322762344943,-0.06076346916561088,-0.29046400723365684,-0.7352789484700788,-0.09279164613854804,-0.3216637151327029,-0.8342246862807652,-0.11625774412785611,-0.11215557709937037,-0.5132914829619482,-0.033040694100311824,-0.15215889986960196,-0.7290637562372702,-0.0616346609626724,-0.17751650802358276,-0.8630930826333316,-0.08824921660361514,-0.19782493592621295,-0.9742984386898299,-0.107739719195613,-0.045352430341307155,-0.5218055717933802,-0.04903273552437515,-0.070533644185635,-0.7278198771393134,-0.08045571918719213,-0.09007921656816668,-0.8542074686303164,-0.09951536122365993,-0.1098576066421143,-0.9609932068403119,-0.11271803182195259,0.02538183031281846,-0.49202877324275845,-0.06952245114705584,0.03467031581061869,-0.6489532403803796,-0.095911290997933,0.03565259559312881,-0.7549656505486615,-0.1043626871829617,0.03176650641584697,-0.8502742887265884,-0.10982335916797771,3.0666339892681154,2.981392224909573,3.0636854758697676,3.0515751091148715,3.0754980256590265,3.106413251633752,3.103969800682835,3.092591928482901,3.0384071278010674,3.0774590415059113,palm
0.0,0.0,0.0,-0.1213663344084951,-0.05297525086723464,-0.032707479668569045,-0.22986672642585482,-0.16752475962897423,-0.05003110369105998,-0.3045703733038448,-0.2583621891730265,-0.06744240648591011,-0.3697897252526848,-0.3186373478194639,-0.0855199963225211,-0.18366332959544818,-0.44844993085118523,-0.019243342330542895,-0.25542713881156326,-0.6158158391483187,-0.051599443252998076,-0.29593814531311186,-0.725839027905708,-0.08046302038788293,-0.3240395987294347,-0.827761233948347,-0.1022198681954029,-0.11851092731751642,-0.5033950107681,-0.030854660673126234,-0.16341943192142935,-0.721868034749108,-0.05580513199890742,-0.1850819662840973,-0.8586988001842925,-0.07940491819462855,-0.1989932810014834,-0.9751256560559419,-0.09763006205945737,-0.047900712430896955,-0.5100473998992011,-0.049583731374277976,-0.075553900445039,-0.7209379203070102,-0.07882933598869733,-0.09178734600148906,-0.8554020910371863,-0.09906518229384202,-0.10612806705882825,-0.9710347627844866,-0.11398994493454438,0.02768365265312521,-0.47651816330404545,-0.07198113448384623,0.03450120364842794,-0.6377569073531184,-0.09772821078475283,0.03445782780530429,-0.7472763415444648,-0.10771518132398179,0.029906555810929734,-0.8473797361049543,-0.11521229323945945,3.058729978292154,2.9930415867015645,3.055346446045791,3.0464169036702735,3.066023742015209,3.0932754106890092,3.116261644763947,3.1071848887550924,3.0580861956877072,3.083716013939626,palm
0.0,0.0,0.0,-0.11921627779957236,-0.05696971327948375,-0.03345372070108232,-0.22149672049921534,-0.17542094517837528,-0.05245683298319365,-0.29622069526887607,-0.26661075361053854,-0.07108153799165753,-0.3629225577487197,-0.3312747023652619,-0.09048902190688131,-0.16829476149587555,-0.46073631167284235,-0.020858388985606626,-0.2373369526919416,-0.6348764229007201,-0.05318714341014575,-0.277445057298411,-0.7471247227923107,-0.08220244539940234,-0.30603890841057374,-0.847371123155198,-0.10359570958393173,-0.10158240159758153,-0.5105399361897597,-0.032028437898783325,-0.14078020878991854,-0.7299937548288464,-0.05657108582419807,-0.1630462011702433,-0.8644346396213854,-0.08108519621975638,-0.17949841052369325,-0.9786933812706624,-0.09969747276869857,-0.03302338944933742,-0.513189603726275,-0.049892661708472334,-0.0553453680613975,-0.7255195466259254,-0.0781705898482557,-0.06985354485757052,-0.8595332386023778,-0.09762901602287427,-0.08348917027616673,-0.9762220953980272,-0.11192070217595247,0.036064811708447296,-0.47588833013397136,-0.07135069719833378,0.04349058129055191,-0.633687981122541,-0.09560175792197885,0.04580433143665533,-0.7380941882832719,-0.10337171812588036,0.04597541702246347,-0.8341128092026051,-0.10889379762321014,3.0906018531886312,3.0143606883039427,3.0624205766186496,3.061979938851506,3.0692947137884015,3.102443306606059,3.117691488851575,3.1049533212511893,3.055296580903557,3.097609547239633,palm
0.0,0.0,0.0,-0.11448814481548415,-0.0533710754635667,-0.03913500881802252,-0.21916605363533914,-0.16649602751991008,-0.059744589084854687,-0.2954117411907971,-0.25824840395045245,-0.0785271634352634,-0.358620004663695,-0.33135889665582996,-0.09728092029168295,-0.1643085337797246,-0.45499543104782664,-0.026084046081885297,-0.22919339070001665,-0.630199334928564,-0.05857031564903016,-0.26969565922459665,-0.7440534020663214,-0.08713285602513382,-0.29981657635576364,-0.8439934735684459,-0.1085793362256968,-0.09879984540179093,-0.5029526414119648,-0.034554971642498544,-0.1345719241497184,-0.724074609363973,-0.05988766492618716,-0.15379279355765996,-0.863135417382544,-0.0835783457552686,-0.16845127360483453,-0.9804729766053019,-0.10147369396867555,-0.030492008493377562,-0.5036633429964145,-0.05034842474601383,-0.055505853143894335,-0.7138165838514388,-0.07983613661312082,-0.06936616749603823,-0.8468883277343576,-0.09880147234569865,-0.08274728543927719,-0.9651026070061316,-0.11257448964519769,0.03902592185667394,-0.4651656212099217,-0.07024013385863577,0.04336586429443517,-0.6208136488347196,-0.09506118436981681,0.047283038781730846,-0.7228556804137108,-0.10292888924566328,0.0501057981671891,-0.8183338943086564,-0.10866951966823882,3.0785107514485484,3.089887164079284,3.076177668649387,3.0775778567328196,3.079270279419483,3.1071866913848885,3.1161570563566356,3.102884739126789,3.0551867633588934,3.1012492545626085,palm
0.0,0.0,0.0,-0.11588962686839367,-0.05175618751381343,-0.03782420976864838,-0.216384053791882,-0.16988385173370057,-0.05718398414236608,-0.286418270772341,-0.2679618068383131,-0.075191265908806,-0.346294313196224,-0.3472400683320346,-0.09367681630971875,-0.1589668997801291,-0.45994260531011505,-0.02472357843321819,-0.21789239084564269,-0.6339030963368286,-0.05759684335493125,-0.25544194231739986,-0.7478352648734179,-0.08687391793216771,-0.2836617917386338,-0.8499743464887048,-0.1089692159687645,-0.09116390052221275,-0.5058803753323013,-0.03421630052881817,-0.11678127461846297,-0.7264328711146106,-0.060130668060731245,-0.1319608693711554,-0.8638050785877163,-0.08503581247462394,-0.1444745137909377,-0.9840180504469905,-0.10409414613404638,-0.02403971663831958,-0.5042259783134302,-0.05092366780939988,-0.036921171375578765,-0.7121624603007181,-0.08189532650468173,-0.045661387697236266,-0.8417821735353661,-0.10165568850590209,-0.056601121707961985,-0.9587122809351064,-0.11595193522178127,0.04235484188881829,-0.46233846836018355,-0.07159913877045218,0.05751809950841986,-0.6176950116091866,-0.09858617164163443,0.06807068842947857,-0.718981339841717,-0.10748452279339908,0.07515695737812976,-0.814828901574539,-0.11379000043291979,3.050463609943842,3.0868882788931,3.074580762868494,3.0756133393568654,3.076101823855759,3.106184919176744,3.1192930464223725,3.0929835763572426,3.052807064551833,3.0901415233241587,palm
0.0,0.0,0.0,-0.1160106959049017,-0.05906607064896038,-0.04012520141033909,-0.2111963265289498,-0.18598784482243902,-0.06139850417761415,-0.2750308061697983,-0.2902295556641859,-0.0807552544167946,-0.3327953381799115,-0.3686629802400724,-0.10052493377151925,-0.1514045296181179,-0.4658249110047652,-0.02954133329361109,-0.2001182716122359,-0.6466203110903149,-0.06359242905946641,-0.23048395488090642,-0.7658157084207723,-0.09350117581285786,-0.2530916691161005,-0.8712568048515691,-0.11587644715383313,-0.083796496945187,-0.5048478230866378,-0.03808180511991865,-0.10054140102480001,-0.7243829231882107,-0.06557173753664329,-0.11216956240880316,-0.8648131156469582,-0.09160524389492473,-0.12198415323695905,-0.9862819585320586,-0.11121045199633331,-0.01808533687746397,-0.496471720062557,-0.053664997670149026,-0.02162306612937968,-0.7038841366856667,-0.08498911087950087,-0.028332383067416797,-0.8340879221920936,-0.10502395228088211,-0.037230949392138564,-0.9499777630665276,-0.11915287024554522,0.04650579062676291,-0.45101756192655945,-0.07332656784129214,0.06543964605352798,-0.6079945366856266,-0.10083193311756403,0.07665889719880929,-0.7101761982780693,-0.10981793679016118,0.0841024345253969,-0.8054017661994852,-0.11567168468120421,3.0423694954912315,3.041959642716883,3.0772718867144904,3.0829520259127854,3.0795162291626097,3.106269825121374,3.101383788502874,3.0923747196163025,3.051611192819987,3.087580811131901,palm
0.0,0.0,0.0,-0.1087576064841525,-0.05408429930827763,-0.03706303204744403,-0.20421672918983377,-0.19012187817307855,-0.055492359133671156,-0.26677550208934553,-0.30057053607679707,-0.0725679871385734,-0.3227176936901555,-0.3766082639312075,-0.09027193116763896,-0.14164127220302536,-0.46002065630086053,-0.027981679435953102,-0.19311443736684716,-0.6308719667511311,-0.05986479103622708,-0.22239121196327893,-0.7449812921658093,-0.08687544388940356,-0.2420605591654895,-0.8480047863971999,-0.10794620787294852,-0.07395340866285234,-0.5028327691293497,-0.037793789484846664,-0.09328356241171971,-0.7272386591162298,-0.06353936350498676,-0.10398551062211968,-0.8701668405170732,-0.0870709232961447,-0.11410232405661624,-0.9878803012004873,-0.10522913163622238,-0.007496220008403812,-0.4941619595822498,-0.05440415071212808,-0.011647131548767316,-0.6996759510419295,-0.08533630890533933,-0.018729377641123392,-0.8309028520928241,-0.10571689912141806,-0.029316771716424137,-0.9446321676263084,-0.1204110924571652,0.055895267605288186,-0.44470809035904874,-0.0748558158849158,0.07427249183240048,-0.5969779454778884,-0.10319422229471074,0.08604609472147888,-0.7024565329479917,-0.11473669657489464,0.09393215630537637,-0.7988966650902085,-0.1230617954470511,3.0400992574691403,3.0094324332283833,3.0739185447721966,3.06787946167942,3.0877901202847413,3.110903240301751,3.101804487060953,3.0870934597432043,3.0618504349419973,3.0908361352237987,palm
0.0,0.0,0.0,-0.10859244956369732,-0.05009913333353763,-0.03772602670532043,-0.20873655492500687,-0.18626155002529582,-0.056577192319662684,-0.27409904452080674,-0.3011609979707159,-0.07389838951455671,-0.33388329212140383,-0.37531833002628484,-0.09179933431784887,-0.14480744018881092,-0.4577384274497679,-0.03077543444416625,-0.195232286354271,-0.6310908127701551,-0.06345948229451381,-0.22638800012305924,-0.7448156979278145,-0.09082644230685265,-0.24886375002009858,-0.8449540668096963,-0.1117073764232506,-0.07800762724756731,-0.4985286701670257,-0.03919245150889998,-0.09991598717939132,-0.7259754604930314,-0.06388984396989261,-0.10830346510005888,-0.8698758664346657,-0.08505893374040129,-0.11398675171854859,-0.9882732258358093,-0.10160241891184092,-0.010917190848563074,-0.48968108189641457,-0.054516357429017864,-0.01104890637620235,-0.6869799163395917,-0.08320160883867508,-0.017591323913660462,-0.814508558993954,-0.10121951822250665,-0.027708387631654632,-0.9270547093788144,-0.11477286349224272,0.05489155214687436,-0.4414518918568508,-0.07394855577214952,0.08443069621303555,-0.5846034264841017,-0.09977018179514444,0.09958543186483505,-0.6871526067202861,-0.11001480768067273,0.10812235624955488,-0.7845786638291119,-0.11772565109039981,3.0216294539662685,2.9701427321365097,3.0850752291049193,3.079904588373323,3.084719356641783,3.112086020143439,3.086719809055089,3.0893154625903634,3.0426159832838198,3.070145711516361,palm
0.0,0.0,0.0,-0.10597249596033685,-0.041008458197545394,-0.038293214624234476,-0.20454142269126774,-0.1762256479771435,-0.056663269729944434,-0.2695452276565059,-0.288471744520013,-0.07267268864641273,-0.32868669055510935,-0.35907264965456853,-0.09008361044632633,-0.1440074207495977,-0.4586187351680766,-0.031249518063658974,-0.19145312805567521,-0.6322392879062451,-0.060371785573372506,-0.2204834911561834,-0.7463691743845937,-0.08744463484845293,-0.24156819928491233,-0.8490566399055808,-0.10963733852730978,-0.07925748471974867,-0.49868407714022567,-0.040147205395836105,-0.09711097407462665,-0.7200720622484119,-0.06372287364855239,-0.10408542389490524,-0.8640001012503232,-0.08891983776915821,-0.10804771803350574,-0.9880502636741484,-0.10991982114795268,-0.016502778386553854,-0.4862935022696338,-0.05530262173154634,-0.018454119136169962,-0.6989428545438164,-0.08467649217123129,-0.016121059040227623,-0.837433243829215,-0.10900546172394178,-0.015609199424857953,-0.9589344125376703,-0.1286596096239635,0.04469421380550403,-0.4347214706559386,-0.07393478687655938,0.06471306931433701,-0.5859956034487869,-0.10217231523097502,0.08272753569409044,-0.6806963492092877,-0.11474280616119682,0.09529305572400641,-0.765607035621959,-0.12525923712358247,3.0336680230720097,2.956782711240525,3.0695343513345965,3.083452432072616,3.0644877016625576,3.109867085227807,3.092240602819015,3.1085002380906457,3.059046981292971,3.084337018310169,palm
0.0,0.0,0.0,-0.10405000507007882,-0.04892236497309496,-0.03702872150559044,-0.20033476793671298,-0.18367260251431491,-0.056633024157241856,-0.2643283089686989,-0.2982342518421071,-0.07411516917555525,-0.32129400079130555,-0.37825121170175285,-0.09246756551251797,-0.14099858677160237,-0.4589128696734417,-0.035191202161789045,-0.1900678054341934,-0.635697186059175,-0.06672356136865709,-0.22208622459438263,-0.7504954825937995,-0.09408367213890048,-0.24637421792736028,-0.8517972257604518,-0.11570693869337209,-0.07531012800517421,-0.4952593810056179,-0.044707211045071776,-0.09241411919348774,-0.7197328335849242,-0.07061784837422141,-0.10193602612341199,-0.8658744240354741,-0.09534569138338443,-0.1091532079770504,-0.9873603661715419,-0.11491337825474263,-0.009602029231640188,-0.48135633900572755,-0.06016087438250017,-0.012191385623028336,-0.6952297672953441,-0.09054996803841815,-0.015612838527594571,-0.8334278675991704,-0.11345428009425752,-0.02100915366182781,-0.9559487042005776,-0.1310802658464314,0.055116332214104724,-0.4289182639727515,-0.07886397782551724,0.07883699716000181,-0.5825041610560844,-0.10728363536168596,0.09386844684088322,-0.6899663197849407,-0.11994659503790801,0.10446958704006759,-0.7909341828307935,-0.12959606902156245,3.0279935221591345,3.0178713135002373,3.081397344640201,3.0898057520787807,3.0844686917260193,3.1137716002038744,3.1084347428878325,3.1023518597991373,3.0701390899949805,3.0892125261147276,palm
0.0,0.0,0.0,-0.10210731132713913,-0.056728945654309804,-0.039840527331083786,-0.1931194814511892,-0.18204089578693486,-0.06437252569197047,-0.2587260784144991,-0.2876551244177547,-0.08664439998353915,-0.3147674564249941,-0.37544782827523565,-0.10943504043626358,-0.1337094908154199,-0.4567150126663812,-0.04057934114364208,-0.1833148664766412,-0.6367780343447501,-0.07571565201824552,-0.21483690543622677,-0.7506980889034046,-0.1047856719142716,-0.23759813416841086,-0.853360377054488,-0.1268254527517071,-0.0690831868639926,-0.4923489786430788,-0.050336409306575625,-0.08154247516521924,-0.719305710579825,-0.07995854451886576,-0.08961066318163957,-0.8645196160296139,-0.10637109367830504,-0.09629148239279577,-0.9872879468040264,-0.12645339265550684,-0.0054376154520275645,-0.4798436864551789,-0.06619174865792064,-0.0025695514854136643,-0.6940078216761068,-0.09956602551446767,-0.003925420814133952,-0.8323456111601677,-0.1226723658081228,-0.008332490601002026,-0.956759752956697,-0.13961000977554708,0.05645519322676495,-0.42957711480492367,-0.0854315327842331,0.08381578506192769,-0.5862056980082299,-0.11568465562127868,0.10078916811567482,-0.6963869112103251,-0.1280707900509621,0.11247899013407267,-0.8007329562645711,-0.1368647113560329,3.063511373984018,3.0916099509987967,3.081843578948877,3.073301454825938,3.088091227755959,3.1104161878022096,3.109334008672222,3.0942394124726214,3.0576587760836005,3.0829113935604706,palm
0.0,0.0,0.0,-0.101375477319883,-0.04868796415100558,-0.04002627386468263,-0.19372070461073848,-0.18036627822903084,-0.062119418456333314,-0.2607108131095259,-0.2903305007148493,-0.08185616141534367,-0.3188367837663591,-0.37686428510561326,-0.10201559012918103,-0.13490172325963745,-0.45511159883796576,-0.03689357260228696,-0.1845182063244027,-0.6326817282997169,-0.07014737063187203,-0.21551544169746112,-0.7489765490565725,-0.09784957281301686,-0.23578741068755613,-0.852861459957164,-0.11932789138508178,-0.06921085458463488,-0.49503126472020986,-0.04563121334751616,-0.08078910777870456,-0.7224001331423938,-0.07290068561124709,-0.08665672494082748,-0.868581925802067,-0.09696113923903578,-0.09139822711793594,-0.9890871864668914,-0.11555475605403225,-0.0041301596557289785,-0.48442170709024746,-0.06091085459306583,-0.002120012266157878,-0.698815562806915,-0.0930337712259361,-0.002058067176167461,-0.8350710930863549,-0.11463953195911486,-0.005754611201963521,-0.9560026645355946,-0.13058839293018676,0.05867573333049819,-0.4341319364141123,-0.07980769097997514,0.08554237075709657,-0.5889753765979878,-0.10910739895845095,0.10334281831472016,-0.6955649795999769,-0.12112095702797951,0.11573315118499673,-0.7942915738382178,-0.12991761635946358,3.0717621335580376,3.0760862519565597,3.087369517934141,3.0643739540272428,3.092764816036879,3.11393189356861,3.1180909541162487,3.093208598353212,3.063191799312987,3.084611406565265,palm
0.0,0.0,0.0,-0.1029832745517637,-0.05698049455602711,-0.03506955985017396,-0.19157343605295046,-0.19556200781922653,-0.05457257738371022,-0.2528403382083847,-0.3081482381504398,-0.07269546821690104,-0.3109028982013268,-0.38788039057231055,-0.09175376533740125,-0.13004405267767052,-0.464094651837098,-0.03158043895604822,-0.17773221208693077,-0.6437135146511648,-0.06353190957064626,-0.20909811075907453,-0.7606850026520617,-0.09109894611734734,-0.23106796741881444,-0.8640290371062583,-0.11226951175092643,-0.06408291495947703,-0.49948583393456564,-0.04199680751912429,-0.07924518726352842,-0.7237239328778026,-0.06697669881520928,-0.08675600701801993,-0.8689244725591687,-0.09030869015902612,-0.09144795703002133,-0.989850177641513,-0.10878371651171201,0.0018487962927092568,-0.4872388530456007,-0.05837797029188476,0.0017727303065498844,-0.7052344700580252,-0.08666614720631402,0.001461324015794143,-0.8387429177203534,-0.10503519007053772,-0.0009065779927895923,-0.956325147737822,-0.11932716750008023,0.06568615739264082,-0.43740270446473767,-0.07829031791344114,0.0886582280596937,-0.5969957143855301,-0.10371201688453584,0.10550602262419112,-0.7014009586259764,-0.11212964675806579,0.1188294979200988,-0.7973638069077277,-0.11846160442987468,3.06467996806716,2.999739478468957,3.083594410596371,3.076992978639467,3.0874096671153923,3.1123089700571067,3.1203653199169903,3.1058101735107266,3.058712477588,3.099190668749659,palm
0.0,0.0,0.0,-0.10447604711065686,-0.05623380349087818,-0.030228484629512508,-0.1956950686578789,-0.20261089890181797,-0.04686029809345619,-0.25308906311060986,-0.3198886178982778,-0.06291659904352176,-0.31092841204014,-0.3881091229489436,-0.08102343203063911,-0.1335226617845733,-0.45870135333751916,-0.02839877935818852,-0.18010028667283792,-0.6336767304602218,-0.058463138488657064,-0.20857744331352226,-0.7454207073334974,-0.08428584859306784,-0.22789547382418632,-0.845128624889684,-0.1043966348931458,-0.06439449878031624,-0.49432517283710775,-0.04121884294782789,-0.07714163601760672,-0.7217098364230162,-0.06624146628845547,-0.08724820415559478,-0.8669724109808705,-0.09118241619214058,-0.09613160764138014,-0.9891834945526513,-0.11079137203270259,0.002727938003031188,-0.4808011473365473,-0.059223609624318926,0.0068857617251233336,-0.6984175136211448,-0.08807132618770229,0.0037977106594828344,-0.8363920181820793,-0.10938612973413332,-0.0026439730825645823,-0.9566863045956743,-0.1256481013030973,0.06662070383376868,-0.42862843771006154,-0.07989315889042642,0.09010903933848613,-0.5888515187051078,-0.10568863269647005,0.10424649098941496,-0.6956483732373779,-0.1153367711615347,0.1130605383162338,-0.7925431822926614,-0.12281959509665674,3.034372502081307,2.883042819384474,3.080442145904465,3.0724732895918088,3.07728104701141,3.1142645778850384,3.0914361419882974,3.0971145708413528,3.0671539794618385,3.087827711250386,palm
0.0,0.0,0.0,-0.1097036545417465,-0.0507169148920028,-0.03195755812528926,-0.20371600192307684,-0.18799114903212424,-0.0486909684184476,-0.2565560698560305,-0.308253905664219,-0.06414221850255632,-0.3090829956869768,-0.38122914202214964,-0.08163239723161284,-0.1465242505590364,-0.4419388924879456,-0.03515915626670405,-0.1941613027602898,-0.6234492980824378,-0.06609573771210711,-0.21887597388199656,-0.7409254254639721,-0.0912453000600181,-0.233821617792989,-0.847805477526067,-0.11024655898305047,-0.07578264937632333,-0.4859767065791444,-0.04640561538937178,-0.08639301809399136,-0.720142313961134,-0.07022409591156026,-0.09239230737292464,-0.8661402611782545,-0.09315690533777365,-0.09628528940167644,-0.9890612252533559,-0.1117454059242057,-0.0081249217869238,-0.4814318434954685,-0.06274912265377963,-0.003350999704085084,-0.697660913387139,-0.09081998030584192,-0.005614388483778426,-0.837615597248123,-0.1134176514757587,-0.009372093707867046,-0.9593246124193445,-0.13095147611726315,0.057407392070988716,-0.43844984481015303,-0.08192228521443587,0.08623367587394334,-0.6013057613553454,-0.10871174153844505,0.10597570292213367,-0.7116077696341601,-0.12088379163221058,0.12059536984291348,-0.8124449229676244,-0.13018375290373665,2.9539966143043284,2.9188999244867317,3.0728883382157104,3.0613366554693524,3.083963973496545,3.1138570002577834,3.0888686572216097,3.1071263259474824,3.0834459492769235,3.0924077841780586,palm
0.0,0.0,0.0,-0.1112813307768292,-0.05979849917018234,-0.02820594341677015,-0.20255404570688323,-0.20732632964000344,-0.04137706882341737,-0.25666404628661127,-0.32399733341256953,-0.054216813843596334,-0.31066650448378197,-0.39573579454360647,-0.06910378721607414,-0.1370153085948543,-0.45879481620573676,-0.02662803833072541,-0.18016534713035195,-0.6305720026280358,-0.05634083485874357,-0.20658057183599407,-0.7420232822982181,-0.08190900909961231,-0.2249771404300624,-0.8442635786720765,-0.10239802808952196,-0.06881101524903377,-0.4925076841261309,-0.04033153753510076,-0.08071999165162112,-0.717292162595539,-0.06518929347284098,-0.08844453893964231,-0.86379986431098,-0.0892292746745278,-0.09492777718850963,-0.989558779935324,-0.10845339169874582,-0.0020305337035895956,-0.47751430221031804,-0.059494681221300014,0.0015654600667407029,-0.6997609400959351,-0.09146008066763188,-0.0008146952287256233,-0.8349731359230532,-0.11458565681938342,-0.007832452499129677,-0.9557400386437077,-0.1317250789080407,0.06487795375469611,-0.4233608347701636,-0.08098845864109212,0.09940239657827608,-0.5848417451339742,-0.1129597495160231,0.11587546589134058,-0.6975954341713221,-0.1277514078281169,0.12405957182223336,-0.8043578079094358,-0.138513791584825,3.017795814162302,2.920397561643874,3.081697138887689,3.074986559146876,3.0859065927659177,3.1142689477346046,3.0946649820407375,3.0857149690361387,3.0485202002801106,3.0613946935104277,palm
0.0,0.0,0.0,-0.10845619032062112,-0.05877056190755934,-0.027943344863613318,-0.19367357831910212,-0.21429094935723314,-0.040285734077856364,-0.2422887669881042,-0.33948618969213235,-0.05197310874853438,-0.29365310445590226,-0.40855500148466484,-0.06559935557809156,-0.12939922637495474,-0.4787836699281118,-0.023096159889382913,-0.16338014088546443,-0.6541387924752471,-0.0487908216334816,-0.18561243545345826,-0.762801059106998,-0.07229600266989505,-0.20158078642781818,-0.8598050014933272,-0.09118012473405952,-0.06248352390137279,-0.5074695803164012,-0.036082562749585254,-0.06723045584431252,-0.7340068378217075,-0.05619171383038424,-0.07072906625224222,-0.8753402553447228,-0.07774360505555404,-0.07292926408151838,-0.9927480227410187,-0.09556508663903311,0.0018533686148089915,-0.48965005770283077,-0.05447352329333171,0.013939663706798716,-0.7126496718670757,-0.08121244644412544,0.013589685493973831,-0.8478836260362572,-0.10261647205745802,0.010250355816928028,-0.9652729388375266,-0.11940460616823036,0.06358545362900954,-0.4342834897874301,-0.07550125275698359,0.0982837539049163,-0.5992069327982495,-0.1026212962497095,0.12156583664634488,-0.7084248877913554,-0.11470998055266249,0.13980424927401003,-0.8077722708159764,-0.12388282053329097,3.0080854984905123,2.86373143260916,3.0705646217639826,3.088092946133385,3.075835663252822,3.114270192258024,3.0710355223959254,3.1013327863430438,3.0840533029464092,3.0951198670864337,palm
0.0,0.0,0.0,-0.10538241326823272,-0.06488098085708398,-0.027472879319377034,-0.18289424582346864,-0.22169963075269897,-0.04135073302502,-0.23050058631990603,-0.34423672110124903,-0.05545436621105011,-0.28293253257537554,-0.4107898431923106,-0.07174997551192054,-0.12167718549039136,-0.4724642185274115,-0.021662785737460968,-0.1513897714099329,-0.645857890997551,-0.050005438340093904,-0.17298978649212812,-0.7569788118663614,-0.07573378611567687,-0.1887085765538102,-0.8578857883024775,-0.0961222962782261,-0.055573457656553686,-0.5015739637609286,-0.0361921409547797,-0.05799778161941472,-0.7266351586066002,-0.060084095551525406,-0.0639567019457354,-0.8702967313222827,-0.08482921337250372,-0.07026003065729916,-0.992060468951303,-0.10430510071974478,0.007351459268870563,-0.48342235293741853,-0.05600482647166372,0.019040750430656485,-0.7021867716876788,-0.08599058357790647,0.019721502442801197,-0.8372629051014758,-0.10777121864407288,0.01609617754800007,-0.9568387169965192,-0.12395754866924719,0.06673623530947541,-0.42634416978924355,-0.07836343738577617,0.10416974723940586,-0.5907313073612396,-0.10630516078842804,0.12845892718785415,-0.7010690825896769,-0.11736809205264231,0.14642951298930665,-0.8031226948456992,-0.12561104014956018,3.046547450562459,2.835082550277535,3.0701419509991528,3.0867748097823604,3.067708842924448,3.1116723620575604,3.084671793037282,3.0908668092159997,3.0702366830384817,3.0858948372964825,palm
0.0,0.0,0.0,-0.10491448056967835,-0.056784876025413974,-0.031461194211593185,-0.18751577728232838,-0.20746340415605163,-0.047649007042212525,-0.2391025849524307,-0.3307464116842416,-0.06316845678881493,-0.29194690395612344,-0.40783560386458195,-0.07993720462898006,-0.13035371259173406,-0.47051437645792293,-0.025852427891064747,-0.16944898687042842,-0.6461203712878173,-0.05468036767405301,-0.19359999444675943,-0.7578679798498935,-0.07952460058069173,-0.20956254107531624,-0.8568891392729494,-0.09905215192012443,-0.06499692924667773,-0.5010665144822062,-0.038555318472687526,-0.06943608882885477,-0.7275689552719813,-0.06310617192806843,-0.07411822005690887,-0.8712675510498792,-0.0870147608024323,-0.07801396614453258,-0.9913543809415408,-0.10550029608685586,-0.0028078401835708996,-0.48477820746756967,-0.05708154233701845,0.006520458440998355,-0.7038767023307609,-0.0881208823871596,0.0064978012271288245,-0.8406260788680533,-0.11084852242980048,0.003190639206471336,-0.9628415360208414,-0.127656318000059,0.05640984519012595,-0.42928587154766507,-0.07840528926074754,0.09379877951762397,-0.5877803472589966,-0.10760989848109832,0.11717296833271396,-0.6962046100762228,-0.12037764308968316,0.13439223509056736,-0.797803872726979,-0.12979152664235719,3.0324798676197355,2.927836118010698,3.081441446423608,3.077248753363436,3.080390259192398,3.1132307129184547,3.0892319389610092,3.094953181350009,3.071272396599304,3.0823130028861025,palm
0.0,0.0,0.0,-0.10415393555792761,-0.05262558078875481,-0.03278637692336984,-0.18884617301979564,-0.2092978723426295,-0.04775868163546843,-0.24008898114289579,-0.33440133144712214,-0.06152925733264834,-0.29188717170058603,-0.41166211608457737,-0.07640664303452027,-0.1368781314398725,-0.47245184038188687,-0.025832580323804664,-0.1776586668354425,-0.6442851818768102,-0.05395570088765257,-0.20213755851150833,-0.7556043544838947,-0.07847528151277842,-0.21754194574399968,-0.8568286133092333,-0.09822834542622863,-0.07095240472731203,-0.5073238625321868,-0.0372908974377476,-0.07846755225833237,-0.7260334797538387,-0.06138406312574333,-0.08333987290761054,-0.8681129186482008,-0.08532994857419206,-0.08695134293788373,-0.9907313110488906,-0.1043596342876158,-0.008130549785487317,-0.4936329723769272,-0.0546905002295193,8.45635097902866e-05,-0.7086792085781349,-0.08643817943408925,-0.0007853980772303331,-0.8479960705520623,-0.11086638187445991,-0.005000613919268241,-0.9748869474045879,-0.1291773773050309,0.05183641789773245,-0.4393948928809384,-0.07490527873441652,0.08872580103844034,-0.5990842482875365,-0.10589352440687476,0.11122027384477844,-0.7099987034119773,-0.12086375439887281,0.12737364182108873,-0.815387208292631,-0.1320296219539549,3.0315620560210492,2.9313283473187877,3.08040407839151,3.0672062646794642,3.0812148362031793,3.1124311510975815,3.0864423068267124,3.0938517304634385,3.0753375492548325,3.0785559608672814,palm
0.0,0.0,0.0,-0.10194084437854056,-0.05130680511687461,-0.02946514857420515,-0.1836687423748895,-0.2047975179323777,-0.04325450141817091,-0.23394401226207537,-0.3304412495078542,-0.056255389222353826,-0.2861254642853622,-0.4117404708619016,-0.07041990969633129,-0.13625791179498023,-0.4771198874478636,-0.021870672418270603,-0.17691734173184467,-0.650186100814553,-0.047762306524812614,-0.20201353793334845,-0.7630134999560904,-0.07071546758558651,-0.21808422222391224,-0.8625660658515724,-0.08949812244305445,-0.06867583004817329,-0.5135301426057296,-0.03451979806231876,-0.07420641823639007,-0.7352924836986477,-0.056527200440772155,-0.07924948750131929,-0.8753936098284639,-0.07944288893437393,-0.08406759312661333,-0.9916479306544245,-0.0978111517910717,-0.004680635987523481,-0.5011855743124978,-0.052842518605650646,0.008003502828857959,-0.7227593709608618,-0.08341271859456315,0.009068233019053124,-0.8633900776195521,-0.10758757144686724,0.005021305681550826,-0.9890545468855878,-0.12590807532892911,0.05569176413829778,-0.4464588822048174,-0.07347713899567716,0.09612769599669731,-0.6069606931027357,-0.10415096789896314,0.11908673762166688,-0.7192675981946547,-0.11914757904687134,0.13463700114067073,-0.8259278426536721,-0.13031451398125393,3.029793350356927,2.944248293292709,3.0837088355358433,3.0746899460399213,3.0745992429436617,3.1136468195160774,3.0791933182006392,3.0881072821005424,3.067879777925305,3.0717640138055975,palm
0.0,0.0,0.0,-0.1169689011811785,-0.04579797687784073,-0.02531166573600405,-0.20858959076748096,-0.20109448371952948,-0.03514190990956704,-0.2595191623181926,-0.3283240179600027,-0.044590550796468786,-0.3132767385284118,-0.3861571418008362,-0.056029063322129334,-0.16536774914920757,-0.4746596882158791,-0.01559734492366913,-0.20864297204328916,-0.6509918010463038,-0.038353660625257704,-0.23200134019374224,-0.7647980495980842,-0.05995738483017782,-0.24783219660628136,-0.8628661447134823,-0.0772038553486681,-0.09428441524913257,-0.5180505454792467,-0.02783424350516434,-0.10297187955489046,-0.7441157374333239,-0.045788763078012606,-0.10918854263968283,-0.8798730432615034,-0.0667471447809535,-0.11470703878482011,-0.9898467417649401,-0.08393880551062098,-0.024875223417257036,-0.5134221633119875,-0.04546544453206326,-0.01465082947759548,-0.7389846690547215,-0.07185056391423413,-0.012073040150327032,-0.8817225916909149,-0.0961999676676123,-0.012645422759803049,-1.002971393048689,-0.11462200571693162,0.041188917228726286,-0.4668745930259666,-0.06512932089854291,0.07342083230131095,-0.6442840302240759,-0.09305912805602233,0.09430298591832219,-0.7603813129116703,-0.10735866550748482,0.1087934460138065,-0.8647158435126849,-0.11788599818735802,2.9872955815841737,2.766564961012531,3.067330933764692,3.087273265655979,3.064720766279074,3.112394745606333,3.079298948503471,3.1022035668525745,3.1005878518591903,3.0865421255925267,palm
0.0,0.0,0.0,-0.11572494853215497,-0.042349552065607886,-0.029537845768719644,-0.20874104352695685,-0.19515854286978823,-0.0405373293448848,-0.26165736650859955,-0.3259058092322921,-0.050925615882468085,-0.31598669316677025,-0.3919077194429469,-0.06282466833069725,-0.163863812423988,-0.4748886567690676,-0.016484273253847777,-0.2101946054337152,-0.6451783199103973,-0.04095146924599814,-0.2361035033362493,-0.7569707724825432,-0.06478203480935964,-0.25335074052607237,-0.8569819604667542,-0.08403237445436536,-0.09374509162927698,-0.5226555866681208,-0.027522080602189,-0.10566320269032276,-0.7432174766114042,-0.04664318783073133,-0.11478061773828978,-0.878402489331621,-0.06899194624760105,-0.12189926311423419,-0.9886803173281616,-0.08747456647558875,-0.02386904424544469,-0.5230236150535451,-0.04455976693582151,-0.018174443397590966,-0.7424791666055429,-0.07135731256196691,-0.019601792670367078,-0.883596796898799,-0.09476638235074618,-0.02295130162473056,-1.0052860585098402,-0.1127302046055155,0.043863350455041826,-0.4801048958237036,-0.0644140721432899,0.07297627343794615,-0.6574501137606191,-0.09236383296442949,0.09225427623697362,-0.7747744836126945,-0.10612393548300299,0.10641698490993869,-0.8806830635959114,-0.11625293100148812,2.9777611367352543,2.8307515077248424,3.061037493560698,3.074745790870398,3.0607241542940007,3.1126369356684744,3.082297481264276,3.1050378576572566,3.0956666367323473,3.093612151221036,palm
0.0,0.0,0.0,-0.1172163884156153,-0.04247217510729107,-0.027389031519341255,-0.21256578041805055,-0.1840081330894129,-0.036593894355849844,-0.26510661611277014,-0.3046297433734723,-0.045333614884624146,-0.3183199923697807,-0.37136410580688095,-0.05491549235080183,-0.17724190917179358,-0.4640278462775025,-0.011698207742867043,-0.21650629872744287,-0.6396955150940886,-0.03259910416752003,-0.24090861407615982,-0.752498573286591,-0.05389942553785743,-0.2586061547878802,-0.8494822499473211,-0.0710863447265932,-0.10585795845078393,-0.5116654582664069,-0.02281187814263074,-0.11449058410476654,-0.734868619388937,-0.038079611883060374,-0.12432535290566109,-0.8755173710306117,-0.05864690008926633,-0.13354060055967565,-0.9881509445646457,-0.07566121039317222,-0.03376153622700643,-0.511262747337079,-0.03984680325672148,-0.026576481111496384,-0.7335273834660306,-0.06376154980596063,-0.028866076870728397,-0.8695389697793638,-0.08579213829090686,-0.033822246045768486,-0.983796401559457,-0.1024210087215685,0.03661733793296323,-0.4676649633854567,-0.05957046484507595,0.06741851254691232,-0.6446549379013157,-0.08489689030272476,0.0835097942048576,-0.7586825449351087,-0.09715472772870458,0.09445272055017133,-0.8616424044615048,-0.10582379036587232,2.957982312924371,2.874395474428409,3.07017436592849,3.094987088124926,3.056663690767781,3.111366093740947,3.0665896360650358,3.1001071694201197,3.0890808221574617,3.0896753647416655,palm
0.0,0.0,0.0,-0.11123178483845075,-0.048038938316517725,-0.024623619470370107,-0.20492377491541777,-0.20266263593846856,-0.032569895463966186,-0.25614833869665443,-0.3292440757550554,-0.04063847086544125,-0.3093240258996463,-0.398527027805257,-0.050068127005249805,-0.16244515697973214,-0.46862361920863954,-0.01150055507267327,-0.20545306107253783,-0.6385158502401335,-0.03259461330571452,-0.2304600320671043,-0.7474167800259901,-0.053553774853021076,-0.24684979671777083,-0.8442813505351168,-0.07071591413980415,-0.09475690669665948,-0.5158637453128088,-0.02430822640346198,-0.1071765618207746,-0.737774362434723,-0.03996223651538946,-0.11765407534883106,-0.8772165648151905,-0.05988874651328862,-0.12670604482704417,-0.9889879720387456,-0.07647463217941326,-0.02581440861095689,-0.5152258931196896,-0.042831270445386566,-0.020220442025928098,-0.7336952591661869,-0.06615994988427283,-0.024212008136087988,-0.8692044198721842,-0.08721097020251796,-0.03080046242185507,-0.985715165837305,-0.10368774628962013,0.04090972109635163,-0.47307047834041904,-0.0638680160763639,0.06998018409098158,-0.6459028316009253,-0.08761972346658477,0.0876788716260977,-0.758413671189168,-0.09853278425659454,0.10017950575014395,-0.861167325413354,-0.10692096295577301,2.979436704555103,2.8664435898722527,3.0683844567999166,3.075020505502238,3.065455059199562,3.113744194997815,3.066538906049069,3.10143401997651,3.0945723383141126,3.092701095073432,palm
0.0,0.0,0.0,-0.10523770973469491,-0.039537417966492065,-0.026257162686325955,-0.19638004951338603,-0.18736498911817387,-0.036085212804287385,-0.24817604922306022,-0.3153510937040452,-0.04618263148338886,-0.3032032384870494,-0.37676757997321425,-0.05767339275459419,-0.15728599198087928,-0.4516296155769465,-0.016878084171288422,-0.2024259385173631,-0.6221245811667446,-0.04197847963573973,-0.2272166731103367,-0.7348981201956475,-0.06521185878099812,-0.24300695074795267,-0.8333404923930278,-0.08321757154430995,-0.0922056649126366,-0.5003260514035284,-0.029875095949612237,-0.10867198445925438,-0.726695270673059,-0.05119141664098158,-0.12092342674295206,-0.8742786074061949,-0.0747274155686267,-0.1312440346611645,-0.9870302088232273,-0.09244658044641399,-0.025194308766377294,-0.500387515659272,-0.0482406009623415,-0.025379740000442012,-0.709029586837228,-0.07670865614067669,-0.03291505006123293,-0.8442852188785368,-0.10082269978287717,-0.04105585119048369,-0.9558089630725954,-0.11771264078061017,0.04035216010202388,-0.4580904369853253,-0.06909090154888448,0.06719620324272985,-0.6262121813383098,-0.09720796710682568,0.08386917768933434,-0.7364325198472135,-0.11051217136964069,0.09638387131547742,-0.8328498817180907,-0.11935298838832119,2.9720411628168804,2.7902812711956724,3.067626189554423,3.075551501350633,3.0747230616178736,3.116547582052881,3.0716055958450434,3.1017571532836876,3.090897444891653,3.0958414847719498,palm
0.0,0.0,0.0,-0.10545377231696161,-0.04081563384825444,-0.02717831002006248,-0.1973405574671754,-0.19102186656039125,-0.03634633247054439,-0.24986473998018233,-0.31863790411582915,-0.04552797909957874,-0.30393291294324554,-0.3812456599108882,-0.05620306896802817,-0.1545822504909176,-0.4615444889778155,-0.01482145356204932,-0.2016095605912187,-0.6313463083241839,-0.037540779789090074,-0.2297368471379,-0.7447967716302715,-0.05915245125054796,-0.24776711117652783,-0.8426927224381491,-0.07660893124985975,-0.09019546454259801,-0.5103785642381071,-0.02703098388440071,-0.10645004464687477,-0.732031976096691,-0.04548558025373378,-0.11929643644155391,-0.8749558068561336,-0.06741040471606244,-0.12897724079756767,-0.9880004124187279,-0.08497091512199778,-0.02434824709141194,-0.5100676876313501,-0.04482458538409123,-0.019432265411306954,-0.7197553424217026,-0.0708150658213529,-0.023782156942448885,-0.8539567387908592,-0.09336636922702536,-0.029947307881582043,-0.9686478771079741,-0.11047615762031546,0.039387956680481985,-0.4666490172233931,-0.0654295637786236,0.06843590387979648,-0.6298814366462261,-0.0916099582265852,0.08610297446602606,-0.7373199028786497,-0.10384643727466075,0.09976481406878294,-0.8346751819312029,-0.11288048025709012,2.9814729976192815,2.814175925708825,3.0772415801588746,3.0748762568627033,3.0689083685732035,3.117499678604698,3.069238871716339,3.1045104791948046,3.0898832025812273,3.0989077036110513,palm
0.0,0.0,0.0,-0.11068957858941661,-0.056800023075286546,-0.02121063070385242,-0.20311760641374088,-0.2104517248722414,-0.028515200958246514,-0.2582281382556869,-0.33276766163807947,-0.03716028820427193,-0.3137597659979146,-0.398287863217403,-0.04750943092348787,-0.15395462852725636,-0.47183934352379764,-0.00731539066909902,-0.20668361649950487,-0.6377769186246143,-0.02940490240876031,-0.23599411077212382,-0.7483358427208617,-0.05080732184662861,-0.25494292182729855,-0.8444544816340882,-0.06822349248209819,-0.08652202855563815,-0.5180414711560551,-0.0224351934092258,-0.10534415772047658,-0.7389681930122587,-0.04117462701330865,-0.12016228157293277,-0.8779127516073257,-0.06397424594304976,-0.13347428449423757,-0.9876697143888408,-0.0818116780039191,-0.018804410095060172,-0.515557585470521,-0.04297062183688216,-0.016781913852826593,-0.7287617565912345,-0.06999651872500719,-0.023852264094663664,-0.863697454470457,-0.09369312615152989,-0.03386606080688863,-0.9786611753648894,-0.11102201381582978,0.04620048814537412,-0.470179110825607,-0.0654691899876595,0.07417795346741575,-0.6356053551903673,-0.09189583865560601,0.09126380296554899,-0.7438539269819693,-0.10400232214225998,0.10250671038281907,-0.8410413852287949,-0.11276485143006854,3.0196580893272786,2.8562681656176228,3.0629125360806175,3.071730165799794,3.0595986689621393,3.113822785490344,3.0622238796074757,3.0933879828605577,3.0893336421540916,3.087284342944329,palm
0.0,0.0,0.0,-0.10894440398063639,-0.07127314684578681,-0.029878867006889177,-0.19526119000397546,-0.21311366891613454,-0.046578170203208924,-0.25266320522163827,-0.3348738300398636,-0.06383052411611216,-0.30921859181731437,-0.4103039927950845,-0.08123399423854966,-0.15508900876810813,-0.4922667861005378,-0.013718612642876837,-0.19802289157781758,-0.6754510678202922,-0.041404981600456976,-0.2220456380435291,-0.7890010125751421,-0.066720117373665,-0.23683487981469423,-0.884007696855615,-0.08596142215579172,-0.0870572453844181,-0.5332479969260867,-0.027005822046658013,-0.1025769737914545,-0.7478300102586826,-0.05175488565093924,-0.10992272212927971,-0.8802251846518094,-0.07780283477114036,-0.11414267150959019,-0.9887108432728883,-0.09706863002673928,-0.018158102677222142,-0.5297868418550633,-0.046597476872700834,-0.01259096820036592,-0.7297771477064791,-0.07517776262976437,-0.007811617072531209,-0.8548561822254411,-0.09517714164086429,-0.005162402883641364,-0.9634495586672424,-0.1091289919493385,0.050611642371843145,-0.4860491945590429,-0.06965483179282367,0.07536784870827046,-0.6505105209235025,-0.09473762165140834,0.09130562632292961,-0.7595176725478375,-0.10398117649915323,0.10427419534855384,-0.8585970071990302,-0.10996687895117019,3.030948760339489,2.93224000001537,3.067086061751201,3.079639823446827,3.058648423784103,3.1072308916790496,3.114836661388366,3.0997487884512482,3.072061301137998,3.1019046875928646,palm
0.0,0.0,0.0,-0.11331354843211917,-0.0654587503326536,-0.0311868345434243,-0.20111021214983324,-0.21627420715337706,-0.04301264766223164,-0.25214562423779324,-0.3414006650843391,-0.055153058526602544,-0.3015600359410969,-0.43638548356286755,-0.06695816539448415,-0.13802644275156736,-0.48857811860220673,-0.010512815099822574,-0.18612922154341618,-0.6591660202514606,-0.038160057621114664,-0.21499305469503402,-0.7658995628435364,-0.06401125008965439,-0.23906318257311104,-0.8616395482367378,-0.08453683892853447,-0.06754304143676482,-0.5281314649119274,-0.021669708514221883,-0.08616136611453225,-0.743532264111464,-0.04255626219512839,-0.09626949961208202,-0.8773153532438818,-0.06650563561344071,-0.10412134950861984,-0.9908753005484622,-0.08558553230247863,0.0016396780275811133,-0.5148261691559303,-0.039831767502115735,0.0022077338972529194,-0.7118422054731015,-0.06665020482842493,0.0020940253805541292,-0.8392906229514514,-0.08873755945882547,-0.0011597173597176795,-0.9526117458674277,-0.10572757543970097,0.07063945393402803,-0.4583937700118798,-0.06161179657589688,0.10260511427418044,-0.5973650459706875,-0.08752580934955902,0.12043709193304372,-0.6954477370879456,-0.09950622445225474,0.12972456508722807,-0.7879138723760978,-0.10857107926713172,2.999168731000448,3.0444557766636198,3.06326585563277,3.101108712995683,3.0588276908325143,3.115495194782965,3.1008970310413977,3.098729419072102,3.06234013211706,3.0540147747472477,palm
0.0,0.0,0.0,-0.11520778737585553,-0.0662813839756874,-0.0234653685464971,-0.20204963538874188,-0.237945689697634,-0.027705236589655364,-0.2466406136143754,-0.3797356075190468,-0.03346196110644263,-0.3005637073161943,-0.4652927031937203,-0.039641951395390555,-0.13440612408151745,-0.49505497012038546,0.004438474478194092,-0.17505394894438295,-0.6693391712863537,-0.015787855109973024,-0.20087736785665472,-0.7813606976714416,-0.03731778335777014,-0.22164315456422648,-0.878251713900371,-0.0552999008367142,-0.06261541015405174,-0.5284541042881254,-0.008640817631488471,-0.07835891702456296,-0.746437166985538,-0.02388944915131669,-0.09082399206586396,-0.8834064589983381,-0.04485112352505471,-0.10249251701915045,-0.9928076957877927,-0.06187215156767068,0.006016572756760146,-0.5153730005969965,-0.028536231359626536,0.010734385633412565,-0.7229214754407729,-0.051005683455205356,0.005806277712208199,-0.8520647356052818,-0.069335776168625,-0.0038762688661876194,-0.9629538644097799,-0.08367138864160278,0.07313671136227527,-0.46215422550604,-0.05161573540222801,0.10644628215608126,-0.6059560144313006,-0.07294055037269608,0.12109016666848837,-0.7089586242747795,-0.08222722471594864,0.12815445504801914,-0.8044016487595177,-0.08976125843847313,2.97630444854863,2.8822382231046855,3.0663010281781946,3.110532185341247,3.0563219371791903,3.113768731144091,3.0705634057070896,3.0860756382697585,3.037398535372955,3.067857188924452,palm
0.0,0.0,0.0,-0.11368455076534313,-0.05304959847321532,-0.037326569054958084,-0.20969179037513608,-0.20972310007642672,-0.05075509968435392,-0.2601177698905885,-0.35578492766710174,-0.06255591036509717,-0.31006795159129125,-0.4646622210080134,-0.0738997303717006,-0.14181004325198196,-0.48770073982833995,-0.01662138440348261,-0.18997270902977711,-0.6613263736107099,-0.04419471599311392,-0.2201135351101933,-0.7733136218142572,-0.07049646025782,-0.24318171895878554,-0.873437203893444,-0.0914215666267999,-0.07133598687235565,-0.5260989818567345,-0.024540578293118134,-0.09030863031962943,-0.7445544429024691,-0.04493355869979893,-0.1036128168155313,-0.8803355716984341,-0.06745768318887714,-0.1164402308756316,-0.9894923680828716,-0.08571187863639856,-0.0022597807363443417,-0.5141514678650071,-0.04010265148640617,-0.0023713748467810995,-0.7186332995798507,-0.06727659402890734,-0.007495079543984937,-0.8487466719333249,-0.08715140154420711,-0.016993127177151898,-0.9632370515671003,-0.10237141891587409,0.06479731514931368,-0.46184233773593436,-0.059774878686120164,0.09047029558660495,-0.6114428316244274,-0.08604461274065456,0.1067440305998605,-0.7129220811298288,-0.09700414271220455,0.11819680258014294,-0.8075277547532466,-0.10518449506904413,2.9241693706516427,3.040332733993159,3.0673872148245884,3.092303098698999,3.0679829494894153,3.1114950213357164,3.095140604492545,3.0888314929095455,3.071705158010836,3.0892436579502665,palm
0.0,0.0,0.0,-0.1078151922879692,-0.0590327244464742,-0.03842536833104879,-0.19538128485412848,-0.211384495361686,-0.05299591296170712,-0.243535865519858,-0.3513319077723596,-0.0659554531616945,-0.28788543881682704,-0.4693923074598149,-0.07770052859228706,-0.14075430007873585,-0.4932703081148956,-0.012990580628670898,-0.19143754748566222,-0.6641536484004781,-0.04045758887545129,-0.22487467934993982,-0.7757733554517937,-0.06653859021438577,-0.2504647301212294,-0.8740733815637617,-0.08679719568129313,-0.070993430200067,-0.5320882304915067,-0.02035932262230727,-0.0909483829140676,-0.7479868387153449,-0.04064392841872007,-0.10580998037477882,-0.8813305368856973,-0.062449130158423447,-0.11998568637223112,-0.9895962476125689,-0.07938955710235311,-0.0030786606858803018,-0.5199898415247127,-0.03580581204249699,-0.006633424504350437,-0.7216326953713306,-0.06220990095731079,-0.013261184046440362,-0.848690286642011,-0.07948894794157861,-0.02342129386066536,-0.9624024583404642,-0.09246322781918674,0.06260756193556309,-0.4668221387124922,-0.05575462643122209,0.08529561263755286,-0.614461276783727,-0.07986929319987088,0.10004692806121437,-0.7123073054310564,-0.08789526702772134,0.11034866193195213,-0.8042740268871275,-0.09373070924625874,2.9511239387383426,3.10611920363607,3.071357710144853,3.09157742147524,3.069224243901523,3.1102962238074645,3.1026249223468256,3.0925800114755706,3.0589124831401455,3.089709617476778,palm
0.0,0.0,0.0,-0.1051977073993172,-0.07248972524169074,-0.029875457289000734,-0.18965549617828142,-0.23628413332261708,-0.039628039574274986,-0.23482988077854533,-0.3832920660012163,-0.049963855792803206,-0.28231524700322386,-0.49597854829104804,-0.05976566832742674,-0.1357689159138671,-0.499636482237743,-0.005713326799119439,-0.18712328528595848,-0.6766418274411505,-0.0313643582176965,-0.21717100253368526,-0.7906924846061829,-0.05577046583933662,-0.23964922191803711,-0.892094911296847,-0.07551430293339285,-0.06827701445542171,-0.5340308496940904,-0.01700437518843416,-0.09235934737490391,-0.7495398758709634,-0.03757261616430461,-0.1064060119754259,-0.8812994372214428,-0.061391650787668166,-0.11851390033982599,-0.9897377414172828,-0.07983519675216957,-0.00032574166638533217,-0.5199029045560452,-0.035177151877531905,-0.008181951669743403,-0.7231829269334127,-0.06206849169666978,-0.013306466534722845,-0.8466482492862059,-0.08088732127104026,-0.02124618733425578,-0.9568126807509051,-0.0948690373322894,0.06806947649756874,-0.4654966120741895,-0.05703477856022784,0.08900466665319114,-0.6090198895129937,-0.08231503528594926,0.10216827273095609,-0.7075120764698964,-0.09197577234493151,0.11100232724976225,-0.799837660206881,-0.09875026043856389,2.9625620204706604,3.0381392992735705,3.0687553252398336,3.092210652226048,3.0564061679418826,3.114901357094285,3.114517794600821,3.0950466129780696,3.0612823090531873,3.0877411764417197,palm
0.0,0.0,0.0,-0.10868555685783957,-0.07387010036495147,-0.035487362323255556,-0.18904409546888057,-0.232125276268895,-0.048913489839513956,-0.23307909659931156,-0.3790188061205486,-0.061557691851005306,-0.27774025630347254,-0.49939322697306576,-0.0740042974337866,-0.134009473949991,-0.49213318586728666,-0.0110368767246585,-0.1840877041826545,-0.6654776041201288,-0.039683503678063496,-0.2142693589825869,-0.7836919807798142,-0.06771007549500553,-0.23430871581548407,-0.8892619612592523,-0.08975242173570507,-0.06429575789644533,-0.5321945273733805,-0.01987621615328203,-0.08677254285899781,-0.7461145411006765,-0.04163541481521366,-0.09842292181375496,-0.8796413352995733,-0.06713307728013598,-0.10497666416382809,-0.9906514012490151,-0.08711889108797088,0.002780559984761311,-0.5187243195869332,-0.03600562647081656,-0.001778046885549211,-0.7192044951062364,-0.06418100684460905,-0.005399064348375004,-0.845072512752798,-0.08520442678229188,-0.009785471270705507,-0.9557029272705371,-0.10098837323833726,0.0692042172383883,-0.4612374338603959,-0.056195828651186,0.09055054377955501,-0.6054702969900386,-0.0832917060327872,0.1047245776420429,-0.7006954099760071,-0.0941119858182064,0.11626565147518093,-0.7891041693510286,-0.10155044819740569,2.962505718819924,3.0728296036998994,3.0640838544071722,3.071414888440773,3.050985408882355,3.103493415213232,3.109137355401561,3.1053062063055856,3.065515523461985,3.0948431394441434,palm
0.0,0.0,0.0,-0.10806666401086068,-0.06744941015876746,-0.03743323210977009,-0.19377568297138464,-0.22637909032025968,-0.05179990126173093,-0.2431818315184021,-0.37032056493652027,-0.06456025885600593,-0.2945602254985648,-0.4847355177757804,-0.07713697153849063,-0.13550185200703457,-0.4980495010117596,-0.016586928724370106,-0.18573194683775573,-0.6757107774646623,-0.04435725315202862,-0.2155753658648185,-0.7916637364997526,-0.07049792209471105,-0.23584564002914712,-0.8931616672619713,-0.09099019393254795,-0.06694041326157116,-0.5315988312034976,-0.02479947725059709,-0.08730834927447767,-0.7482465295391183,-0.04595680595901767,-0.09726811146899621,-0.8816641675424578,-0.0687718337203288,-0.10441193464028203,-0.9907522509008592,-0.08664943877229835,0.00012587228626891836,-0.5166974063380202,-0.0405944341460827,-0.0005924191915111312,-0.7224015370485029,-0.06882516488110656,-0.0018566498063209399,-0.8551626106984386,-0.08947040697772658,-0.004665737723257281,-0.973963077579892,-0.10501361930067436,0.06645425338536282,-0.46144256238056924,-0.06046542986552038,0.09038127195153371,-0.6088400171171044,-0.08748046285331564,0.10819011825961322,-0.7053844636916176,-0.09857796207506879,0.12248031697511881,-0.7957526379399377,-0.10662692889401958,2.9770289994492143,3.0463030001791984,3.0688320697399063,3.078018403585623,3.0648729085948645,3.1132596135007287,3.1147736798007584,3.1040195426836186,3.0671690868448827,3.092788149333118,palm
0.0,0.0,0.0,-0.1033368491577134,-0.06057340716796958,-0.039356865086355206,-0.19275941091731233,-0.21493842569393387,-0.056211882610363945,-0.2445928046177058,-0.3543298814098107,-0.07062437179892551,-0.29472372792253,-0.4596773985594,-0.08491140788428775,-0.1324675382882936,-0.4847658314612262,-0.026842708668855138,-0.18565780814083807,-0.6692185377763997,-0.0566313301043169,-0.21639764696624256,-0.7884360406288048,-0.08223186462440721,-0.23632547930027692,-0.892857255819131,-0.1021475960324109,-0.06432469423747757,-0.519026766294301,-0.03414891622712764,-0.08591014833727265,-0.745058938118997,-0.057176880186199645,-0.09531099542638809,-0.8795011834551432,-0.07918682383246047,-0.10061530303664591,-0.9902546013001969,-0.09629322613056399,0.004131816754743658,-0.5028004499893773,-0.048390736211057474,-0.0022781189671978322,-0.718731698552336,-0.0775113925117224,-0.0050640666268014466,-0.8499174958167708,-0.09652447687801452,-0.007220902866437639,-0.9684559794751836,-0.11094972075026308,0.07213847411260435,-0.4462401747875116,-0.0665523631874203,0.09128377989665531,-0.5975824913779162,-0.09435121551137907,0.10774773924611356,-0.696024345039189,-0.10469098678274295,0.12268164930423613,-0.7896902298267294,-0.11202353265600594,2.9721491928710875,3.047195829022926,3.079794158682003,3.0703209208329634,3.0732616777260633,3.1064571761713973,3.11852508915863,3.107034807083763,3.0512325284638533,3.0987096442485074,palm
0.0,0.0,0.0,-0.10988457059506901,-0.06204721793840509,-0.0363699093216853,-0.20673016159262292,-0.20033179061028036,-0.053874557383215595,-0.2721753999843419,-0.31188144548081154,-0.07014959888873805,-0.33080205062751755,-0.39385950800150055,-0.08630999939121616,-0.14540303341789518,-0.48578213698455963,-0.02059708991247123,-0.19591585070336112,-0.6621322610269065,-0.050266956988408724,-0.22603335846308314,-0.7732881212116067,-0.0777764160573922,-0.25009619366191255,-0.8688707367674858,-0.09901990959244608,-0.07911433176189228,-0.5205400666460225,-0.030306352336268334,-0.10136961482790574,-0.7409495381465616,-0.05375812848606622,-0.111737357329478,-0.8777884354983653,-0.07729551657994221,-0.12016536683750449,-0.9881932744706352,-0.09504912889559665,-0.01154947885347017,-0.506563983931393,-0.04725481340417502,-0.02025791470782112,-0.7162903389790664,-0.07646449811551245,-0.021752911244582975,-0.8477700633841906,-0.09692806468221159,-0.024780247525029293,-0.9620123043916035,-0.11162079348271023,0.05695275900759025,-0.4540010950447571,-0.06809956251700865,0.0767612869724824,-0.6003611009842047,-0.09516446127641068,0.09259621588528566,-0.6975057194726634,-0.10564846093160991,0.10560010696006972,-0.7863707148564522,-0.11275470586913887,3.0558140117776005,3.0417903555235997,3.062850493139718,3.099931744538393,3.0700396435691997,3.1127069953467355,3.10229116269909,3.100891969054991,3.0572684575342643,3.0941295902354065,palm
0.0,0.0,0.0,-0.1078661023828559,-0.06288352714227592,-0.03404272890983675,-0.2062115501384938,-0.20379565800412722,-0.05043371086386518,-0.2729851207728168,-0.3150359915671395,-0.06594274493196026,-0.333272355101697,-0.389579099438245,-0.08141573403007386,-0.1405293860293848,-0.47561763397001083,-0.021949155753110395,-0.19681496053966074,-0.6585757124107727,-0.052376649034794664,-0.23064167031971783,-0.7736297092952957,-0.07979307739606982,-0.2557946591867357,-0.8745153955402801,-0.10070769648917843,-0.07645064284834831,-0.5146199091178633,-0.031116886166929508,-0.09917536121082061,-0.7384706367614267,-0.05345047704355064,-0.1107530759005118,-0.8770832743675832,-0.07520590660166927,-0.11910552184208702,-0.9886113347056084,-0.09198643138158812,-0.009505744317684202,-0.5045645932968911,-0.047004792431082056,-0.017384014283425373,-0.7153213965671338,-0.0727091286755187,-0.020798897156555966,-0.8463630431809129,-0.08993745066726443,-0.026210636200834643,-0.9579193065100846,-0.10294867381311797,0.05967429401007365,-0.4548027011975411,-0.06685091113782708,0.08264686110272086,-0.6044560713552262,-0.08936568952879766,0.09459761485735181,-0.7067085125302585,-0.09718538202259093,0.10150404210074429,-0.8007915107137482,-0.10306174952138661,3.0658927918512875,2.9945514826428146,3.0700281849749653,3.085053394431324,3.0797665525987057,3.1131323587625372,3.1168807883812604,3.1033816126675404,3.057111900170515,3.0852782715729186,palm
0.0,0.0,0.0,-0.1034401290164574,-0.06421132735606634,-0.037470272521743134,-0.19736809547065037,-0.19899883722204592,-0.05747385227386811,-0.2675878153795741,-0.30257247975359275,-0.07639782898170433,-0.32739241470964636,-0.3841075767065315,-0.0954710575190085,-0.13643161718757577,-0.47060201113849426,-0.026908015143814464,-0.1922364274481884,-0.6478429797561457,-0.05935642038534392,-0.22544190692943408,-0.7639567974349878,-0.08733355807057198,-0.24739172787181654,-0.8637690272634726,-0.10833088662914767,-0.07073145062330795,-0.5064916952393969,-0.03632976237854304,-0.09634357998758378,-0.7320824007775009,-0.06056276084945746,-0.10903034984633508,-0.8765446639453666,-0.08173652115535926,-0.11835795379029698,-0.9881372220365484,-0.0978581892355821,-0.0005084604152925682,-0.4924719230335069,-0.05321745580924314,-0.00807180909276952,-0.7080518875847874,-0.08201538524638066,-0.01248315819356704,-0.8455197630236642,-0.10055262242658271,-0.018774644898227433,-0.9611333671284014,-0.1139908145950984,0.07190975360472002,-0.43958976485240736,-0.07411882597218947,0.0953957619986743,-0.5960020563684431,-0.0997493196654677,0.11143373530486145,-0.7003871596354694,-0.10899487287162206,0.12234032496242066,-0.7937847688891475,-0.11563675257325132,3.1023299720854767,3.082192690191161,3.0771053052610986,3.0696142198829968,3.091879873795365,3.1149936041040505,3.121917147566591,3.1024567503623053,3.0637635200526776,3.089415664193524,palm
0.0,0.0,0.0,-0.09910019449206865,-0.06389925013864456,-0.037587924866278356,-0.19428552339215419,-0.19630151710307275,-0.05781668275548308,-0.2654944434530517,-0.2984886569458319,-0.07645076768601962,-0.3223624941455906,-0.38347992074858867,-0.09554175200585051,-0.13442762465928343,-0.4728121834430925,-0.02927537451536615,-0.18819605260749453,-0.6481056746149004,-0.06154237336236877,-0.22139396876622006,-0.7590505884803951,-0.08922707740751401,-0.24401663365074883,-0.8547288951194232,-0.11009342806258327,-0.0686588911430063,-0.5104630341169312,-0.038657629475497196,-0.09541308980168352,-0.7353095757912457,-0.06430089948605748,-0.111199182044698,-0.8755525225977815,-0.0873003836895607,-0.12315252363178936,-0.9868583820287118,-0.10461352562070843,0.0009436014582332824,-0.4985454197300904,-0.05496827138983309,-0.009985896531352128,-0.7178349411525132,-0.08583983629503919,-0.01831119855750501,-0.8534876630332953,-0.10636249272430996,-0.026983400173188545,-0.9707637825303069,-0.12119979730260316,0.07138640357182015,-0.44633760775089326,-0.07483895143368277,0.09013353159689981,-0.6028496843102842,-0.10339845866661891,0.10446878257489636,-0.7071770707277368,-0.11426551509024203,0.11566133648245643,-0.802330706143729,-0.12175732350389384,3.10410025652781,3.0912051984595905,3.076577026487415,3.0716643599704514,3.0888944094756217,3.1130926577884717,3.1167660764361593,3.103329848855954,3.0590112854554072,3.0953558856862693,palm
0.0,0.0,0.0,-0.10251667070727376,-0.06465988404670656,-0.041609424270707907,-0.19717641624961244,-0.19295773941829272,-0.06560116449761988,-0.2725956667546651,-0.29346972812242705,-0.0874154761446947,-0.33355051957497023,-0.38166961076032824,-0.10899067384783512,-0.14122385608313903,-0.4732065464033064,-0.03175428109278039,-0.1970863265754514,-0.6467243385206232,-0.06665554423821317,-0.23070755392844647,-0.757933616967326,-0.09647497893772412,-0.25302051024122524,-0.8557772033076899,-0.11880812325584456,-0.07517796555684354,-0.5131410728624769,-0.040094394773631366,-0.10114769610638193,-0.7341242457683165,-0.06759621471190179,-0.11622374739977852,-0.8723069403881298,-0.09163302312002627,-0.12749929930460302,-0.9857591230360646,-0.10964889433097019,-0.005557322735935081,-0.4986175118096236,-0.05587219868749085,-0.01650777492106726,-0.7154576055211674,-0.08804904522445237,-0.023413006513189838,-0.8475361644574014,-0.10758071628882837,-0.03201649569434847,-0.9642477108391632,-0.1215430657334284,0.06546471501636761,-0.4419594732992223,-0.07564328250069069,0.0862823022600286,-0.5976525079453396,-0.1049540999213132,0.09946706800582183,-0.7009767735675017,-0.11517791464128523,0.10753838567891796,-0.7963462554234425,-0.12191553536574705,3.107216006979947,3.086077026851858,3.0728884671302352,3.060296458864396,3.0887460189466824,3.1088545371473173,3.1208202766191833,3.096631784117119,3.0505391741674632,3.0799357388344673,palm
0.0,0.0,0.0,-0.10453701958182322,-0.06586956024294177,-0.03758620262511795,-0.1988261460986297,-0.1949358896441479,-0.06017804455635719,-0.27021562759267226,-0.29318736542272533,-0.08119606826551995,-0.3301718939417678,-0.3747817291986673,-0.10217821298400623,-0.14423505401938372,-0.4729357036646265,-0.029386040412259555,-0.20300293702284672,-0.64281436821903,-0.06274034308209224,-0.23608220888546613,-0.7485322710455152,-0.09108990681915516,-0.2579244927346559,-0.8440286076920234,-0.11222885530678639,-0.07734471472801027,-0.5125239917267596,-0.0390294602566052,-0.10552290020124869,-0.7361185324961218,-0.06520149547573227,-0.11936992335245858,-0.8730354012592316,-0.08820207138534654,-0.12873418207250667,-0.9860571013931898,-0.1054462097857638,-0.007120657086833017,-0.49780787524266695,-0.05557160499082249,-0.021498350647536482,-0.7110081944464425,-0.0870968396693527,-0.03016693673673708,-0.8416250549258631,-0.10662216630593607,-0.03928751870688216,-0.956250016439758,-0.12031777160234601,0.06503919192119312,-0.44201095060328527,-0.07565655491392446,0.08100782526738147,-0.5994516926092472,-0.10451717304384792,0.09062586291415016,-0.7025013197179658,-0.11428233320697805,0.0952869460724709,-0.7977936995370584,-0.12045962300182629,3.1012562651014033,3.0952410014481204,3.0642856323120675,3.0498630757826675,3.082372666944699,3.104709088014692,3.120031011925524,3.0979957364307102,3.050485274084216,3.07732235968547,palm
0.0,0.0,0.0,-0.10720838892223786,-0.06435334810438748,-0.03915117272549576,-0.202231616581107,-0.1980534488430476,-0.05803176603580366,-0.27571647189743054,-0.3000508467256939,-0.07542015870341048,-0.33674624149201954,-0.383806292051856,-0.09237688206450645,-0.1435735241063272,-0.4824562782589755,-0.018554181973926227,-0.20234516063311536,-0.6522853995631134,-0.04836377010637396,-0.23664781641224392,-0.7607039748806761,-0.075668160212404,-0.2587616686501848,-0.8579516841274971,-0.09645851954286944,-0.07523536570809539,-0.5238707190194757,-0.025833307599154684,-0.10403232266410718,-0.740403581096813,-0.04762391757815717,-0.11964961815226978,-0.8756321716401938,-0.06870573831409177,-0.1315389631127771,-0.987679960084537,-0.08476908416765368,-0.0034535128119921113,-0.5122068785639334,-0.04120297520872504,-0.016368396518393644,-0.7241369308174924,-0.06902088937162526,-0.026303580249077845,-0.8553526813638134,-0.08713837599139126,-0.038066870725068216,-0.9720271919776158,-0.10014405930842082,0.06966473932385811,-0.45943058968705397,-0.060809299797580714,0.09076619668803404,-0.6112386705024228,-0.08636524313935316,0.10145374832819067,-0.7125487863966223,-0.0955484053728575,0.10645301217456717,-0.8083847170888344,-0.10180132540852856,3.1064334376229032,3.100373305544887,3.061422841334401,3.0487441645428315,3.0807777899267794,3.1079919472215733,3.1141790880683637,3.0946232074643993,3.0542394832840296,3.0720214296906705,palm
0.0,0.0,0.0,-0.10603056733669913,-0.06125502103435397,-0.03871853927785813,-0.20295421078383263,-0.19659033822029706,-0.05780104660497427,-0.2768972485352411,-0.2997565523233332,-0.07533248465482664,-0.33788231176710454,-0.3837407828851098,-0.09226662783743383,-0.143761973464649,-0.48470890872902533,-0.019236839787850072,-0.20100361098055372,-0.6566468730165217,-0.04813339650630768,-0.23591527692543313,-0.7661863219108638,-0.07488449696784914,-0.2591275774058047,-0.8611383616002423,-0.09567811169726174,-0.0778347937195197,-0.5242645652906928,-0.0271859741126802,-0.10595225026613343,-0.7416690897006608,-0.0493635881471616,-0.12020074682581106,-0.8776568320461814,-0.07137696377453183,-0.13039531735026008,-0.9875302275345573,-0.08821060547729145,-0.008389370188977136,-0.511805801037997,-0.04294306901744826,-0.02018870796393677,-0.7228082712772618,-0.0715964673104079,-0.02737108346662788,-0.8535429083261891,-0.09109330664211739,-0.03610677467243091,-0.9688709819455872,-0.10537848888778635,0.06283487661792787,-0.45813027678514856,-0.06275433673355732,0.08391861355670807,-0.6066871762603786,-0.08957601516325217,0.09680755182278143,-0.7062796244967896,-0.09995152091569734,0.10533092398488866,-0.7994972911390458,-0.10723974047386582,3.106531734174568,3.0998372721780956,3.0653379620095307,3.063297684267629,3.0743427656459894,3.107379581051359,3.1151354829254365,3.096762186925362,3.060463432141846,3.081541764638176,palm
0.0,0.0,0.0,-0.1064517869785216,-0.06307548264021598,-0.039909626035061915,-0.20120366003601284,-0.1994863168348439,-0.0599289786146725,-0.26993172180469843,-0.3101307605170419,-0.07792473098816351,-0.3282131326408478,-0.39871751275985284,-0.09556792614168047,-0.13837245607765436,-0.478341027988872,-0.025306133173226764,-0.1939966996784003,-0.6528601579341755,-0.05625676938844045,-0.22748012809193136,-0.7646384358209333,-0.08376624825985528,-0.2501991954379481,-0.8634020975062938,-0.10475255611179754,-0.07130670498934262,-0.5170196906416384,-0.03277089676270003,-0.09494079066619071,-0.7377752553828668,-0.056386352493842405,-0.10961344636724334,-0.8758028136175086,-0.07917467251761338,-0.12154958943723879,-0.9878774457356523,-0.09656008240697699,-0.002033246298150727,-0.5042424535224767,-0.04764165413772288,-0.010159660443494523,-0.7153987860133221,-0.07663589707274876,-0.016612757404305453,-0.8481414973517322,-0.09639717177125771,-0.0251132284148742,-0.9641981841088978,-0.11090407280519926,0.06758798506922967,-0.45023501609983524,-0.06652839945050411,0.09041925304719574,-0.5987395342224958,-0.09305377158951483,0.10477107736582224,-0.6983396080858506,-0.10287583421281113,0.11424767744673207,-0.7902761980832661,-0.10977657350088772,3.0818021593875584,3.0916017840724916,3.0702564319223606,3.064201252283468,3.0807266279049808,3.109338080215082,3.1140837870321163,3.0956485846664217,3.0575257460390834,3.0802963881040384,palm
0.0,0.0,0.0,-0.10665082492586761,-0.06574910796049442,-0.0400287404160264,-0.19846343535093966,-0.19997108265837998,-0.060211410642958325,-0.26521902032758415,-0.31212898978144293,-0.0786747903535914,-0.32358227796358024,-0.40035663596043186,-0.09667603736474713,-0.13644836870237603,-0.47031084228776077,-0.025231670502893246,-0.18961328754281015,-0.6473402716251963,-0.05704997583006441,-0.22183064495752258,-0.7614639774378661,-0.08466101633331899,-0.24358381818525557,-0.8630402256605736,-0.10563764137540894,-0.0700933559526096,-0.5100980385921464,-0.032813267204988034,-0.09174659294530156,-0.7328959471755795,-0.05770876492252349,-0.10506375809389135,-0.8730671060905771,-0.08067846326306982,-0.11542386961226016,-0.9884666534734481,-0.09803573478448753,-0.0011259372176395386,-0.49841476470354057,-0.047902790727303406,-0.009060278633464144,-0.7085723113990384,-0.07846605040404453,-0.015987150289081965,-0.8390884552619378,-0.09849279001175822,-0.024164052169426714,-0.9531931334801875,-0.1127565469594945,0.06960012761377293,-0.44650252340531793,-0.06705360433286489,0.09817609982851314,-0.5954776675298085,-0.09480731042993427,0.11541328034232202,-0.695812323852271,-0.10544064372665772,0.1277832022034781,-0.7895700507991021,-0.11274249342644185,3.0715236204362033,3.0777154581507924,3.0757373244062625,3.0641669009129178,3.0860995759713568,3.1081694267348916,3.112668890698447,3.095435745550816,3.0564241788681135,3.079785664254006,palm
0.0,0.0,0.0,-0.10552830502050091,-0.06669905329405337,-0.03696267082823831,-0.1960283556287623,-0.21011947307096226,-0.05421440493715361,-0.2609698289080493,-0.32478950848911337,-0.0703242172755329,-0.31783570770090597,-0.4109244565811018,-0.08632958467997413,-0.13215277379018114,-0.47603265875088463,-0.020242271735508674,-0.18354846185365994,-0.6506723706066633,-0.050085685035301745,-0.2149787319860456,-0.7648740820103086,-0.07674321844199011,-0.23567267204863035,-0.8651158751475594,-0.0974430308900447,-0.06672350034544572,-0.5137733647690027,-0.0288600114186623,-0.08696631081967052,-0.7328861746356637,-0.052553625059629495,-0.09980965075880563,-0.8742917499269875,-0.07577053647785326,-0.10937529302759894,-0.9895945565253436,-0.09348614320066673,0.0006592554858799986,-0.5006431794268642,-0.04480240729322544,-0.004473158483427056,-0.7096366213106955,-0.07440554045649787,-0.009014442750067422,-0.839731768275355,-0.09530791709788079,-0.015260175439781466,-0.9536232465968315,-0.11056960010583144,0.06827996261742444,-0.44611843176550897,-0.06456753256951542,0.09814985894960862,-0.5891473727594553,-0.09247846630108887,0.11670500797604916,-0.6880451485013268,-0.10431485256591648,0.13066720796724018,-0.7806165162838895,-0.11270130149707185,3.0840641823962653,3.0598755899259693,3.0750081406213976,3.066145514313798,3.0826326778243933,3.1091907326655663,3.1102013759685274,3.0962206347923495,3.0607766433924937,3.0815620472034158,palm
0.0,0.0,0.0,-0.10523054862778243,-0.06641362329566693,-0.036722767355708064,-0.19910771056002396,-0.21181412034331062,-0.05311157594346481,-0.2671567070642744,-0.32386164129760026,-0.06812335258371127,-0.32265600955335094,-0.40892705838103116,-0.08300887119809498,-0.13577196531972358,-0.47550001482715926,-0.021262119866854258,-0.18806922767827955,-0.652919768075231,-0.050645040701154984,-0.21882347027242804,-0.7685228393634771,-0.07648087935356991,-0.23948672239496674,-0.8690618119248825,-0.09624383885351917,-0.06821683614734404,-0.5138580803163142,-0.02938706512105721,-0.08878504457335508,-0.7350403846370738,-0.051547112325809386,-0.10191547029708871,-0.8751990009795814,-0.0732489642573379,-0.11278905809088154,-0.9895403303894835,-0.08993643815297352,0.0005311650303361713,-0.5012143241229933,-0.04468097717499567,-0.005671540376271962,-0.7086229810078906,-0.07248236772958967,-0.011604328228197408,-0.8391735139220751,-0.09203805304067218,-0.019092986299872567,-0.9534126018339915,-0.10637840465157056,0.06857345449231875,-0.4468416411485226,-0.06382765048546062,0.0964258379940332,-0.5918588552685169,-0.08979698074972078,0.11454712109704811,-0.6917594319164986,-0.10017754981607598,0.12812233823361946,-0.7848953020917434,-0.10751255936457797,3.0992860478137936,3.0856564136565643,3.0753713524253405,3.072065184457192,3.083808224808893,3.110157559032619,3.109718793314259,3.097386399140314,3.0622268751100234,3.0838208223357846,palm
0.0,0.0,0.0,-0.10481711484682459,-0.06553907543289679,-0.03665765731526536,-0.19654815918242874,-0.2168353853417717,-0.051574659591496,-0.2613370798119095,-0.33889284208032006,-0.06517370937897585,-0.3192110271984476,-0.4274446510475261,-0.07854796573744473,-0.13947525815865733,-0.47569893709043504,-0.017243610469301843,-0.19207664171766134,-0.6523210679990423,-0.04588134194849416,-0.2226961762838787,-0.7671137546402798,-0.07156341419070227,-0.24272398767640158,-0.8678212108372007,-0.09131795711777096,-0.07258755640296727,-0.5158080951522004,-0.024887383527167777,-0.09469200778873517,-0.7368674799200793,-0.046146653444289316,-0.10685129012983216,-0.8761583387922581,-0.067565153116025,-0.11652630430587198,-0.9896173526370701,-0.08413748132914514,-0.003818354042321686,-0.5053084063894097,-0.04000189782475626,-0.011147069053492055,-0.7150159992400449,-0.06742885192972424,-0.017562544946054436,-0.8471779089947383,-0.08729561343018667,-0.025857869120216793,-0.9618619553753489,-0.10207548061317306,0.06528048682775449,-0.453868440917016,-0.05901144171362929,0.09150500650056603,-0.5990544590570971,-0.0850202247548224,0.10853285960876712,-0.6974590721933993,-0.0958935709539375,0.12132564272437886,-0.7877950599199194,-0.10373415508661278,3.0779850947418703,3.041810677021113,3.0714022394172886,3.0660696234410256,3.079576620906981,3.1099100777091153,3.1086300568499623,3.0969795783549148,3.067875444433395,3.0857656248544068,palm
0.0,0.0,0.0,-0.10430832808466789,-0.06652212579728255,-0.036894570980823826,-0.195465634934046,-0.22120956414512535,-0.051412806112763734,-0.259470804866609,-0.3458281425966328,-0.0643492868146695,-0.31766390719539633,-0.4341929322719838,-0.07696946133815549,-0.13577791732672237,-0.47698475857918016,-0.016362607815142757,-0.18583870957006,-0.6535303052442561,-0.04388123898715346,-0.2156954116441851,-0.766924515603013,-0.06927287241223312,-0.23577236969311532,-0.8687603515504514,-0.0892769875767081,-0.07010799942524525,-0.5145030404903184,-0.02336147261006605,-0.09054603220454246,-0.7344604670517937,-0.04337647508807064,-0.10237777318907659,-0.8736711954857042,-0.06437840263073959,-0.11187382725277199,-0.99040213628274,-0.08116560369024509,-0.0023101629529559756,-0.5016305068791252,-0.0377892841069818,-0.010717790488147479,-0.7109806926222638,-0.06367269844947143,-0.016694951017941946,-0.8415634257600586,-0.08242799861687984,-0.02424045370165382,-0.9555506212962191,-0.09686389558252279,0.06620949783397964,-0.449602093086201,-0.05628444454241309,0.0894754887108609,-0.5963577551981698,-0.0805169626473645,0.10644892735289951,-0.6938468756724778,-0.09020178433658776,0.11973260819196213,-0.7842120453657491,-0.09765372623357015,3.0778775484258283,3.026665188146625,3.06977334078738,3.0675725472349775,3.0783622561388055,3.110781661523879,3.1108012141704102,3.100760619807281,3.068607573946703,3.090751653783124,palm
0.0,0.0,0.0,-0.10509092996575956,-0.06754675288848579,-0.03312060135376515,-0.196568627807872,-0.22445762974936984,-0.04584156777762134,-0.2573369252945809,-0.3518498769568811,-0.05759400004739351,-0.314371648775785,-0.43737035163721033,-0.06977315456965362,-0.13724751546623992,-0.48118208074538565,-0.01434512937400175,-0.18416750751324254,-0.6564872440133972,-0.04051866147764455,-0.21263223850458357,-0.7665450404810648,-0.06508099490535195,-0.23312116454845935,-0.8650136422372151,-0.08490919845426503,-0.070082495969498,-0.5185885834846534,-0.023841887007518128,-0.09301939369241714,-0.7389594676458249,-0.04408759390338215,-0.10695194042286135,-0.8748581597026496,-0.06673920949808983,-0.1182869671257522,-0.989354589664398,-0.08476844529765709,-0.001154667291714479,-0.5056725483291136,-0.040074802641162754,-0.011570902316957031,-0.7160569885074072,-0.06756851987614179,-0.01919626349495251,-0.8469827968272712,-0.08906975545911004,-0.02753374438398591,-0.9620159641557212,-0.10542064901468812,0.0686073908537766,-0.45338052928665384,-0.05962178820270622,0.09044096835743105,-0.5999327761191999,-0.08618355857990298,0.10680030609953309,-0.6968632923660771,-0.09775316719132368,0.11988354015973762,-0.7870945400244711,-0.10638810006646265,3.054776075837928,2.9917275189558468,3.0668568795085136,3.0803755444142853,3.065245404262872,3.110142315327572,3.100882328489005,3.1015715661820984,3.0711459714641007,3.090148785895089,palm
0.0,0.0,0.0,-0.10478442516355602,-0.05970131445886732,-0.03336420506233152,-0.1981979597153389,-0.2084399791024362,-0.04804428494933315,-0.2594430641129854,-0.32960101622983234,-0.06188872943364544,-0.31708760771389366,-0.41606891292547127,-0.07626462539411091,-0.1386350509238648,-0.47874878297001716,-0.019009381523192204,-0.19694201777016843,-0.6525588587128671,-0.047683659325863686,-0.2324691716632003,-0.7651679766933598,-0.07393922281970713,-0.25847549216555715,-0.8648952258116908,-0.09440203653297403,-0.07280675023419972,-0.5196906111676938,-0.028711913133893756,-0.10162808988441546,-0.7375456059657453,-0.05050025846837664,-0.11820425657128592,-0.873349455613613,-0.07390937536907452,-0.13202826832237313,-0.9869491882954264,-0.09219455562447526,-0.005009300808982362,-0.5113950706223517,-0.044880021732415266,-0.01941378115650746,-0.7161270306485703,-0.07143053620468381,-0.027930204022333847,-0.8482467242663227,-0.09190012665018366,-0.03779742444158725,-0.9646864577223834,-0.10778522511483359,0.06204749932283556,-0.46258171837976264,-0.06462693940186266,0.08085411510007821,-0.6102228320466649,-0.0887824569629307,0.09463651566452458,-0.7084770600723137,-0.09858950708429731,0.10523722646334673,-0.7998098115759972,-0.10617601687232558,3.0447351106691185,3.01376249130677,3.0714355067734513,3.0787693224768886,3.0674507369400854,3.1115965040111906,3.1084614715697403,3.1025419565058536,3.0717408033155538,3.09484682936998,palm
0.0,0.0,0.0,-0.10522351977363385,-0.06274097112599816,-0.03533946546001532,-0.19989464701090523,-0.2154725148976076,-0.05109977373968299,-0.26113337479097143,-0.34057708339697673,-0.06520382606207076,-0.31761903133361014,-0.42683800289305013,-0.08000577930131056,-0.14217469971837807,-0.47614329092751034,-0.024417689015567057,-0.1965812824872677,-0.6566989690894564,-0.053100075409483985,-0.22833000338680406,-0.7724303662307638,-0.07807742886283596,-0.250290772074221,-0.874741086200301,-0.0978245371898791,-0.07551553216384677,-0.5136741732464387,-0.03354574872603554,-0.09977457593147601,-0.7382483169731058,-0.05582304404613641,-0.11248624134388675,-0.8743573223670073,-0.07834702385320809,-0.12173247267252595,-0.9878849314635775,-0.09625262222004957,-0.007703996129546399,-0.501310013344438,-0.04913599066290521,-0.019867694175128632,-0.7109442202711783,-0.07676542503922225,-0.027134005678340317,-0.8429767131930643,-0.09743863734647482,-0.03345300567238858,-0.9605879428289085,-0.11361816902223666,0.059790333428515974,-0.4511108320032411,-0.06823186720156048,0.07653579111073264,-0.6019734566765086,-0.09489997138051007,0.09266866263286272,-0.7020500895671364,-0.10608935264624643,0.10722943071368293,-0.7964569259399823,-0.11457362967921653,3.039192474247168,3.0081472908000495,3.0780186218959047,3.076117096701553,3.0723186742782382,3.1112962373921587,3.1098662602299436,3.1087946032644536,3.056683699557284,3.1005097786531532,palm
0.0,0.0,0.0,-0.10713818945766145,-0.05845659989914481,-0.036820857563392435,-0.20137193666517486,-0.2113364252840098,-0.05268511598937138,-0.263197419813248,-0.33773793682565567,-0.06663782182716778,-0.3199657689524944,-0.4244569237991174,-0.08106070689944375,-0.1442973190585356,-0.47799701318473314,-0.023597284461349052,-0.19609750720561228,-0.6622097382658922,-0.05209849602767215,-0.22650663913980418,-0.7803436087129761,-0.07712344997173923,-0.24801965757897843,-0.8829227872487823,-0.09695479627253341,-0.07677805209116521,-0.5135537897770612,-0.03209234885126191,-0.09933666073394454,-0.735937266959561,-0.054822329274111556,-0.11165030258361973,-0.872101208211043,-0.07848675352213826,-0.12074120617873411,-0.9879122748595567,-0.09721573078632913,-0.00954730092329226,-0.5007802559795437,-0.04722321765790907,-0.01921789202834651,-0.708557271350519,-0.07617274742857329,-0.025154132559963675,-0.840974770644525,-0.09809893475067612,-0.03092333027161987,-0.9601643656922408,-0.11492779993781095,0.057231106675213576,-0.4499581419841548,-0.06589345036554045,0.07480778552434524,-0.5988290794747431,-0.0944794261159622,0.0903975634170541,-0.6993652334623154,-0.10702574847944599,0.10420228958515913,-0.7959649080750584,-0.1161823596608013,3.0417711694936194,3.008825082843364,3.079132124758739,3.086541588765184,3.0682732175848733,3.1108797569579343,3.1091873532098644,3.1061063391903527,3.0621629783425846,3.0959535779704774,palm
